country,series,variable,unit,source,n_obs,first_year,last_year,n_interpolated,adf_p_level,adf_p_diff,d_reason,status,p,d,q,trend,model,aic,aicc,bic,loglik,ljungbox_lag,ljungbox_p,rmse_insample,mape_insample,backtest_h,backtest_mape_arma,backtest_mape_naive,equation,mu,beta,phi1,phi2,sigma2,c,b,theta1,theta2,phi3
Brazil,Production Arabica,production,1000 60-kg bags,USDA / CONAB,26,2001,2026,0,0.000134532,1.58447e-29,ADF p = 0.000 on levels,ok,2,0,0,ct,"ARMA(2,0)",518.576,521.576,524.866,-254.288,6,0.909077,4327.19,10.0359,3,8.60875,8.17682,X_t = 2.792e+04 + 563.5·t − 0.318·X_{t-1} + 0.397·X_{t-2} + ε_t,29992.5,611.714,-0.317798,0.396587,1.81627e+07,27920.2,563.518,,,
Brazil,Production Robusta,production,1000 60-kg bags,USDA / CONAB,26,2001,2026,0,0.99439,0.118535,ADF p = 0.994 on levels; d=1 gave an MA unit root (over-differencing) -> level model kept,ok,0,0,2,ct,"ARMA(0,2)",463.846,466.846,470.136,-226.923,6,0.847054,1514.1,7.94932,3,11.9773,9.53328,X_t = 7667 + 571·t + ε_t + 1.101·ε_{t-1} + 0.437·ε_{t-2},7666.52,570.959,,,2.12104e+06,7666.52,570.959,1.1007,0.436639,
Brazil,Production Total,production,1000 60-kg bags,USDA / CONAB,26,2001,2026,0,0.818051,0.0255522,ADF p = 0.818 on levels; d=1 gave an MA unit root (over-differencing) -> level model kept,ok,3,0,1,ct,"ARMA(3,1)",512.348,518.57,521.154,-249.174,6,0.694529,3759.57,5.53616,3,5.28593,4.74935,X_t = 3.384e+04 + 1134·t + 0.359·X_{t-1} + 0.395·X_{t-2} − 0.685·X_{t-3} + ε_t − 0.970·ε_{t-1},37556.5,1219.14,0.359457,0.395452,1.23858e+07,33836.4,1134.21,-0.970373,,-0.685244
Brazil,Area total,area,1000 ha,USDA / CONAB,26,2001,2026,0,0.424197,0.00852608,ADF p = 0.424 on levels; d=1 gave an MA unit root (over-differencing) -> level model kept,ok,0,0,0,ct,"ARMA(0,0)",301.3,302.391,305.075,-147.65,6,0.834544,70.8038,2.0286,3,5.9744,10.2619,X_t = 2503 − 5.673·t + ε_t,2502.85,-5.67276,,,5013.13,2502.85,-5.67276,,,
Brazil,Area non-bearing,area,1000 ha,USDA / CONAB,26,2001,2026,0,0.187711,0.013509,ADF p = 0.188 on levels,ok,0,1,0,n,"ARIMA(0,1,0)",285.247,285.421,286.466,-141.624,6,0.855082,69.8258,15.223,3,25.4028,25.4028,∇X_t = ε_t   with ∇X_t = X_t − X_{t-1},,,,,4873.27,,,,,
Brazil,Area bearing,area,1000 ha,USDA / CONAB,26,2001,2026,0,0.316055,1.72905e-09,ADF p = 0.316 on levels; d=1 gave an MA unit root (over-differencing) -> level model kept,ok,0,0,0,ct,"ARMA(0,0)",308.855,309.946,312.629,-151.427,6,0.489763,81.8745,2.67421,3,5.9728,7.23503,X_t = 2258 − 11.79·t + ε_t,2258.02,-11.7931,,,6707.74,2258.02,-11.7931,,,
Brazil,Trees non-bearing,trees,million trees,USDA / CONAB,29,1998,2026,0,0.593337,0.0100975,ADF p = 0.593 on levels,ok,0,1,0,n,"ARIMA(0,1,0)",381.052,381.205,382.384,-189.526,7,0.327623,210.574,15.5595,3,6.27032,6.27032,∇X_t = ε_t   with ∇X_t = X_t − X_{t-1},,,,,44293.8,,,,,
Brazil,Trees bearing,trees,million trees,USDA / CONAB,29,1998,2026,0,0.0601148,1.34511e-07,ADF p = 0.060 on levels,ok,0,1,0,t,"ARIMA(0,1,0)",396.144,396.624,398.809,-196.072,7,0.186386,266.038,3.64619,3,3.86312,7.39089,∇X_t = 131.3 + ε_t   with ∇X_t = X_t − X_{t-1},,131.286,,,70647.7,131.286,,,,
Brazil,Trees total,trees,million trees,USDA / CONAB,24,2003,2026,0,0.977291,2.4795e-07,ADF p = 0.977 on levels; d=1 gave an MA unit root (over-differencing) -> level model kept,ok,1,0,0,ct,"ARMA(1,0)",335.507,337.613,340.22,-163.754,6,0.653233,225.65,2.64375,3,5.10308,7.06499,X_t = 3247 + 48.7·t + 0.449·X_{t-1} + ε_t,5819.51,88.3752,0.448926,,48966.2,3246.66,48.7013,,,
Brazil,Yield (production / bearing area),yield,bags/ha,USDA / CONAB,26,2001,2026,0,0.937017,1.0533e-06,ADF p = 0.937 on levels,ok,1,1,1,n,"ARIMA(1,1,1)",126.695,127.838,130.351,-60.3474,6,0.440881,3.15866,10.4487,3,6.87717,7.22214,∇X_t = −0.974·∇X_{t-1} + ε_t + 0.487·ε_{t-1}   with ∇X_t = X_t − X_{t-1},,,-0.974074,,6.7644,,,0.487463,,
Colombia,Production Arabica,production,1000 60-kg bags,USDA,29,1998,2026,0,0.38301,0.000113992,ADF p = 0.383 on levels,ok,0,1,0,n,"ARIMA(0,1,0)",484.755,484.908,486.087,-241.377,7,0.578957,1341.68,9.30965,3,6.87997,6.87997,∇X_t = ε_t   with ∇X_t = X_t − X_{t-1},,,,,1.79801e+06,,,,,
Colombia,Area total,area,1000 ha,USDA,29,1998,2026,0,8.18225e-07,0.000286196,ADF p = 0.000 on levels,ok,3,0,0,c,"ARMA(3,0)",226.347,228.956,233.184,-108.174,7,0.191948,14.9334,1.05582,3,0.261262,0,X_t = 71.38 + 1.265·X_{t-1} + 0.090·X_{t-2} − 0.443·X_{t-3} + ε_t,809.137,,1.26481,0.0895074,88.41,71.3776,,,,-0.442528
Colombia,Area non-bearing,area,1000 ha,USDA,29,1998,2026,0,5.06159e-07,8.19928e-05,ADF p = 0.000 on levels,ok,2,0,0,ct,"ARMA(2,0)",209.739,212.348,216.575,-99.8694,7,0.4547,10.8291,5.17809,3,1.41373,0,X_t = 67.76 + 0.7002·t + 1.275·X_{t-1} − 0.824·X_{t-2} + ε_t,124.214,1.27463,1.27461,-0.823928,51.8422,67.7569,0.700174,,,
Colombia,Area bearing,area,1000 ha,USDA,29,1998,2026,0,5.43774e-25,3.52895e-05,ADF p = 0.000 on levels,ok,2,0,0,ct,"ARMA(2,0)",249.698,252.307,256.535,-119.849,7,0.0796555,18.7514,1.57786,3,2.81565,0,X_t = 78.51 − 0.5243·t + 1.621·X_{t-1} − 0.728·X_{t-2} + ε_t,741.923,-4.90447,1.62137,-0.728286,200.802,78.5121,-0.524346,,,
Colombia,Trees total,trees,million trees,USDA,29,1998,2026,0,0.706613,3.65061e-06,ADF p = 0.707 on levels,ok,0,1,0,n,"ARIMA(0,1,0)",342.638,342.792,343.97,-170.319,7,0.991739,106.047,0.769109,3,0,0,∇X_t = ε_t   with ∇X_t = X_t − X_{t-1},,,,,11238.4,,,,,
Colombia,Trees non-bearing,trees,million trees,USDA,29,1998,2026,0,6.57385e-14,0.0015394,ADF p = 0.000 on levels,ok,2,0,0,c,"ARMA(2,0)",320.98,322.647,326.449,-156.49,7,0.274558,87.0098,5.12733,3,1.62316,0,X_t = 142.9 + 1.544·X_{t-1} − 0.692·X_{t-2} + ε_t,961.918,,1.54365,-0.69224,2560.65,142.933,,,,
Colombia,Trees bearing,trees,million trees,USDA,29,1998,2026,0,0.844686,2.79959e-05,ADF p = 0.845 on levels,ok,0,1,0,n,"ARIMA(0,1,0)",351.426,351.58,352.758,-174.713,7,0.99946,124.066,1.2761,3,0,0,∇X_t = ε_t   with ∇X_t = X_t − X_{t-1},,,,,15380,,,,,
Colombia,Yield,yield,bags/ha,USDA,29,1998,2026,0,0.329034,0.000144047,ADF p = 0.329 on levels,ok,0,1,0,n,"ARIMA(0,1,0)",111.585,111.739,112.917,-54.7924,7,0.432711,1.71246,9.31703,3,6.87997,6.87997,∇X_t = ε_t   with ∇X_t = X_t − X_{t-1},,,,,2.93249,,,,,
Colombia (Fedecafe),Production Arabica,production,1000 60-kg bags,Fedecafe / Agronet,20,2007,2026,0,0.586139,1.6943e-09,ADF p = 0.586 on levels,ok,0,1,0,n,"ARIMA(0,1,0)",326.528,326.763,327.472,-162.264,5,0.833081,1238.01,7.51305,3,16.8408,16.8408,∇X_t = ε_t   with ∇X_t = X_t − X_{t-1},,,,,1.52866e+06,,,,,
Colombia (Fedecafe),Area total,area,1000 ha,Fedecafe / Agronet,20,2007,2026,0,0.994096,0.00114443,ADF p = 0.994 on levels,ok,1,1,0,n,"ARIMA(1,1,0)",156.69,157.44,158.579,-76.3449,5,0.831657,13.3087,0.972191,3,0.140388,0.479332,∇X_t = 0.635·∇X_{t-1} + ε_t   with ∇X_t = X_t − X_{t-1},,,0.635389,,176.199,,,,,
Colombia (Fedecafe),Area non-bearing,area,1000 ha,Fedecafe / Agronet,20,2007,2026,0,2.36663e-15,0.000512827,ADF p = 0.000 on levels,ok,1,0,0,c,"ARMA(1,0)",197.508,199.008,200.496,-95.7542,5,0.161002,30.1911,14.0378,3,19.2199,21.4351,X_t = 50.75 + 0.678·X_{t-1} + ε_t,157.786,,0.678381,,817.893,50.747,,,,
Colombia (Fedecafe),Area bearing,area,1000 ha,Fedecafe / Agronet,27,2000,2026,0,0.551698,1.32616e-06,ADF p = 0.552 on levels,ok,0,1,0,n,"ARIMA(0,1,0)",252.028,252.194,253.286,-125.014,6,0.742853,29.6447,3.19081,3,6.65921,6.65921,∇X_t = ε_t   with ∇X_t = X_t − X_{t-1},,,,,878.761,,,,,
Colombia (Fedecafe),Trees total,trees,million trees,Fedecafe / Agronet,15,2012,2026,0,8.42865e-10,0.00204295,ADF p = 0.000 on levels,ok,1,0,0,ct,"ARMA(1,0)",219.495,223.495,222.327,-105.748,3,0.339715,291.854,4.59747,3,8.32355,0.512671,X_t = 1047 + 24.28·t + 0.718·X_{t-1} + ε_t,3489,85.9977,0.717706,,74126.7,1046.65,24.2767,,,
Colombia (Fedecafe),Yield,yield,bags/ha,Fedecafe / Agronet,20,2007,2026,0,0.133661,0.0115445,ADF p = 0.134 on levels,ok,0,1,0,n,"ARIMA(0,1,0)",83.9871,84.2224,84.9316,-40.9936,5,0.864962,2.09304,9.04875,3,14.9576,14.9576,∇X_t = ε_t   with ∇X_t = X_t − X_{t-1},,,,,4.38075,,,,,
Honduras,Production Arabica,production,1000 60-kg bags,USDA,27,2000,2026,0,0.475726,5.62616e-09,ADF p = 0.476 on levels,ok,0,1,0,n,"ARIMA(0,1,0)",428.145,428.312,429.403,-213.073,6,0.208455,876.694,12.7408,3,10.6892,10.6892,∇X_t = ε_t   with ∇X_t = X_t − X_{t-1},,,,,767679,,,,,
Honduras,Area total,area,1000 ha,USDA,27,2000,2026,0,0.874107,5.44424e-06,ADF p = 0.874 on levels,ok,0,1,0,n,"ARIMA(0,1,0)",227.971,228.137,229.229,-112.985,6,0.691921,18.6651,4.40314,3,5.66293,5.66293,∇X_t = ε_t   with ∇X_t = X_t − X_{t-1},,,,,348.4,,,,,
Honduras,Area non-bearing,area,1000 ha,USDA,27,2000,2026,0,0.0396118,7.57731e-08,ADF p = 0.040 on levels,ok,1,0,0,c,"ARMA(1,0)",237.551,238.594,241.438,-115.775,6,0.580122,17.5653,39.1547,3,34.0298,31.2222,X_t = 24.91 + 0.446·X_{t-1} + ε_t,44.9362,,0.445655,,307.933,24.9101,,,,
Honduras,Area bearing,area,1000 ha,USDA,27,2000,2026,0,0.944187,0.0451106,ADF p = 0.944 on levels; d=1 gave an MA unit root (over-differencing) -> level model kept,ok,3,0,0,ct,"ARMA(3,0)",232.384,236.584,240.159,-110.192,6,0.539348,15.225,4.68903,3,2.84593,6.66276,X_t = 222.4 + 6.056·t + 0.401·X_{t-1} − 0.227·X_{t-2} − 0.439·X_{t-3} + ε_t,180.914,4.78454,0.400869,-0.227431,194.886,222.441,6.05638,,,-0.439261
Honduras,Trees non-bearing,trees,million trees,USDA,27,2000,2026,0,0.288674,0.0736319,ADF p = 0.289 on levels,ok,0,1,1,n,"ARIMA(0,1,1)",232.064,232.586,234.58,-114.032,6,0.267715,19.2843,6.14015,3,6.3329,10.0498,∇X_t = ε_t + 0.578·ε_{t-1}   with ∇X_t = X_t − X_{t-1},,,,,371.724,,,0.578427,,
Honduras,Trees bearing,trees,million trees,USDA,27,2000,2026,0,0.998589,0.00120326,ADF p = 0.999 on levels,ok,0,1,0,t,"ARIMA(0,1,0)",314.567,315.089,317.084,-155.284,6,0.606771,94.9651,6.48988,3,5.35306,9.84962,∇X_t = 51.92 + ε_t   with ∇X_t = X_t − X_{t-1},,51.9231,,,9024.72,51.9231,,,,
Honduras,Trees total,trees,million trees,USDA,27,2000,2026,0,0.996326,0.000616132,ADF p = 0.996 on levels,ok,0,1,0,t,"ARIMA(0,1,0)",316.189,316.71,318.705,-156.094,6,0.794681,97.9729,5.80026,3,5.51488,9.87272,∇X_t = 57.19 + ε_t   with ∇X_t = X_t − X_{t-1},,57.1923,,,9600.03,57.1923,,,,
Honduras,Yield,yield,bags/ha,USDA,27,2000,2026,0,0.3411,1.92417e-15,ADF p = 0.341 on levels,ok,1,1,0,n,"ARIMA(1,1,0)",125.741,126.262,128.257,-60.8703,6,0.960689,2.49842,9.5032,3,4.46051,4.38039,∇X_t = −0.543·∇X_{t-1} + ε_t   with ∇X_t = X_t − X_{t-1},,,-0.543217,,6.24015,,,,,
Indonesia,Production Robusta,production,1000 60-kg bags,USDA,23,2004,2026,0,0.0251244,0.378688,ADF p = 0.025 on levels,ok,0,0,0,ct,"ARMA(0,0)",388.9,390.163,392.306,-191.45,5,0.865632,997.191,8.818,3,5.87266,32.3545,X_t = 7765 + 95.27·t + ε_t,7765.03,95.2732,,,984938,7765.03,95.2732,,,
Indonesia,Production Arabica,production,1000 60-kg bags,USDA,23,2004,2026,0,0.384502,6.10734e-06,ADF p = 0.385 on levels,ok,2,1,0,n,"ARIMA(2,1,0)",307.188,308.522,310.462,-150.594,5,0.621245,225.006,11.8919,3,5.49934,2.40173,∇X_t = −0.265·∇X_{t-1} − 0.468·∇X_{t-2} + ε_t   with ∇X_t = X_t − X_{t-1},,,-0.265264,-0.468409,50342.7,,,,,
Indonesia,Production Total,production,1000 60-kg bags,USDA,23,2004,2026,0,0.0260571,0.00205912,ADF p = 0.026 on levels,ok,0,0,0,ct,"ARMA(0,0)",394.994,396.257,398.401,-194.497,5,0.776964,1138.48,8.45905,3,5.00357,28.7766,X_t = 8967 + 103.9·t + ε_t,8967.12,103.907,,,1.30213e+06,8967.12,103.907,,,
Indonesia,Area non-bearing,area,million ha,USDA,23,2004,2026,0,0.00041949,0.000140144,ADF p = 0.000 on levels,ok,3,0,0,c,"ARMA(3,0)",-68.0062,-64.4768,-62.3287,39.0031,5,0.392108,0.057004,2.63349,3,0.526541,0,X_t = 1.301 + 0.706·X_{t-1} − 0.394·X_{t-2} − 0.355·X_{t-3} + ε_t,1.24653,,0.705571,-0.394017,0.00177896,1.30114,,,,-0.355358
Indonesia,Area bearing,area,million ha,USDA,23,2004,2026,0,0.383277,2.44157e-07,ADF p = 0.383 on levels,ok,0,1,0,n,"ARIMA(0,1,0)",-58.2266,-58.0266,-57.1355,30.1133,5,0.277721,0.0615611,2.50312,3,0,0,∇X_t = ε_t   with ∇X_t = X_t − X_{t-1},,,,,0.00378919,,,,,
Indonesia,Area total,area,million ha,USDA,23,2004,2026,0,0.025384,0.585587,ADF p = 0.025 on levels,ok,0,0,1,ct,"ARMA(0,1)",-41.027,-38.8048,-36.485,24.5135,5,0.694033,0.0906732,2.81821,3,5.05307,0,X_t = 2.183 + 0.01559·t + ε_t + 0.860·ε_{t-1},2.18274,0.0155939,,,0.00655128,2.18274,0.0155939,0.859745,,
Indonesia,Trees non-bearing,trees,million trees,USDA,17,2004,2020,0,0.306982,0.972495,ADF p = 0.307 on levels,ok,0,1,0,t,"ARIMA(0,1,0)",152.881,153.805,154.427,-74.4407,4,0.346484,25.371,48.3169,3,225.641,0,∇X_t = −13.75 + ε_t   with ∇X_t = X_t − X_{t-1},,-13.75,,,643.685,-13.75,,,,
Indonesia,Trees bearing,trees,million trees,USDA,17,2004,2020,0,0,7.68773e-16,ADF p = 0.000 on levels,ok,0,0,1,c,"ARMA(0,1)",198.54,200.386,201.039,-96.2698,4,0.687773,69.1471,3.96636,3,3.62805,0,X_t = 1198 + ε_t + 0.638·ε_{t-1},1198.33,,,,4708.83,1198.33,,0.638266,,
Indonesia,Trees total,trees,million trees,USDA,17,2004,2020,0,1.03594e-06,0.735138,ADF p = 0.000 on levels,ok,0,0,1,ct,"ARMA(0,1)",207.25,210.584,210.583,-99.6252,4,0.515844,84.6761,4.27669,3,4.66095,0,X_t = 1488 − 21.06·t + ε_t + 0.542·ε_{t-1},1488.22,-21.0591,,,7060.39,1488.22,-21.0591,0.542195,,
Indonesia,Yield (production / bearing area),yield,bags/ha,USDA,23,2004,2026,0,0.011098,0.798266,ADF p = 0.011 on levels,ok,0,0,0,c,"ARMA(0,0)",69.7075,70.3075,71.9785,-32.8537,5,0.654961,1.00953,8.39211,3,6.31449,28.7762,X_t = 9.053 + ε_t,9.05297,,,,1.01914,9.05297,,,,
Indonesia,Production (BPS),production,1000 t,USDA,20,2004,2023,0,1,0.000279759,ADF p = 1.000 on levels,ok,0,1,0,n,"ARIMA(0,1,0)",182.457,182.692,183.401,-90.2283,5,0.737522,27.936,3.23981,3,1.7087,1.7087,∇X_t = ε_t   with ∇X_t = X_t − X_{t-1},,,,,780.394,,,,,
Indonesia,Area total (BPS),area,million ha,USDA,20,2004,2023,0,0.995069,0.156954,ADF p = 0.995 on levels,ok,0,1,0,n,"ARIMA(0,1,0)",-84.1159,-83.8806,-83.1714,43.0579,5,0.0962649,0.0250935,1.43229,3,1.6238,1.6238,∇X_t = ε_t   with ∇X_t = X_t − X_{t-1},,,,,0.000629484,,,,,
Vietnam,Production Robusta,production,1000 60-kg bags,USDA,32,1995,2026,0,0.51197,3.21628e-10,ADF p = 0.512 on levels,ok,0,1,1,t,"ARIMA(0,1,1)",579.918,580.807,584.22,-286.959,8,0.64933,2528.4,11.4639,3,3.22388,11.1918,∇X_t = 887.1 + ε_t − 0.398·ε_{t-1}   with ∇X_t = X_t − X_{t-1},,887.097,,,7.00178e+06,887.097,,-0.397557,,
Vietnam,Production Arabica,production,1000 60-kg bags,USDA,32,1995,2026,0,0.71504,3.35264e-09,ADF p = 0.715 on levels,ok,0,1,0,t,"ARIMA(0,1,0)",391.565,391.993,394.433,-193.782,8,0.105329,125.475,34.5017,3,5.73286,11.6162,∇X_t = 34.94 + ε_t   with ∇X_t = X_t − X_{t-1},,34.9355,,,15763,34.9355,,,,
Vietnam,Production Total,production,1000 60-kg bags,USDA,32,1995,2026,0,0.523671,3.9161e-10,ADF p = 0.524 on levels,ok,0,1,1,t,"ARIMA(0,1,1)",580.331,581.22,584.633,-287.166,8,0.704266,2545.51,11.1384,3,3.27021,11.2162,∇X_t = 922 + ε_t − 0.373·ε_{t-1}   with ∇X_t = X_t − X_{t-1},,922.032,,,7.09412e+06,922.032,,-0.373392,,
Vietnam,Area total,area,1000 ha,USDA,32,1995,2026,3,0.00492462,0.0044886,ADF p = 0.005 on levels,ok,1,0,1,ct,"ARMA(1,1)",312.679,314.987,320.008,-151.34,8,0.420058,34.9279,5.56922,3,6.91255,1.36986,X_t = 94.44 + 4.019·t + 0.728·X_{t-1} + ε_t + 0.793·ε_{t-1},307.892,14.7904,0.728266,,690.72,94.436,4.01905,0.793237,,
Vietnam,Area non-bearing,area,1000 ha,USDA,32,1995,2026,6,0.511999,0.00020214,ADF p = 0.512 on levels,ok,0,1,1,n,"ARIMA(0,1,1)",264.654,265.082,267.522,-130.327,8,0.586413,16.3489,43.8947,3,9.61652,9.18542,∇X_t = ε_t + 0.362·ε_{t-1}   with ∇X_t = X_t − X_{t-1},,,,,261.305,,,0.361745,,
Vietnam,Area bearing,area,1000 ha,USDA,32,1995,2026,3,0.129952,0.364971,ADF p = 0.130 on levels,ok,1,1,0,t,"ARIMA(1,1,0)",302.406,303.295,306.708,-148.203,8,0.65764,29.947,5.37716,3,1.01716,2.861,∇X_t = 9.001 + 0.568·∇X_{t-1} + ε_t   with ∇X_t = X_t − X_{t-1},,20.8566,0.568418,,821.583,9.00134,,,,
Vietnam,Yield,yield,t/ha,USDA,24,2003,2026,0,0.303098,8.89077e-10,ADF p = 0.303 on levels,ok,0,1,1,t,"ARIMA(0,1,1)",-1.98604,-0.722886,1.42044,3.99302,6,0.904311,0.205137,5.74993,3,8.3822,4.01612,∇X_t = 0.04729 + ε_t − 0.711·ε_{t-1}   with ∇X_t = X_t − X_{t-1},,0.0472858,,,0.040127,0.0472858,,-0.710507,,
Uganda,Production Arabica,production,1000 60-kg bags,USDA,29,1998,2026,0,0.657393,1.93651e-10,ADF p = 0.657 on levels; d=1 gave an MA unit root (over-differencing) -> level model kept,ok,1,0,0,ct,"ARMA(1,0)",355.871,357.538,361.341,-173.936,7,0.77986,97.2011,9.55075,3,3.68999,8.50706,X_t = 248.1 + 17.46·t + 0.359·X_{t-1} + ε_t,371.923,27.241,0.359131,,9441.99,248.137,17.4579,,,
Uganda,Production Robusta,production,1000 60-kg bags,USDA,29,1998,2026,0,0.569472,5.08542e-08,ADF p = 0.569 on levels,ok,0,1,0,n,"ARIMA(0,1,0)",436.216,436.37,437.549,-217.108,7,0.31494,563.928,14.3733,3,8.25293,8.25293,∇X_t = ε_t   with ∇X_t = X_t − X_{t-1},,,,,317592,,,,,
Uganda,Production Total,production,1000 60-kg bags,USDA,29,1998,2026,0,0.601548,0.0585438,ADF p = 0.602 on levels,ok,0,1,0,n,"ARIMA(0,1,0)",430.821,430.975,432.153,-214.411,7,0.433889,512.132,9.96932,3,8.29592,8.29592,∇X_t = ε_t   with ∇X_t = X_t − X_{t-1},,,,,261935,,,,,
Uganda,Area total,area,1000 ha,USDA,19,2008,2026,1,1,1,ADF p = 1.000 on levels,ok,0,1,0,t,"ARIMA(0,1,0)",193.027,193.827,194.808,-94.5137,4,0.880756,46.1465,5.22416,3,6.35838,1.40531,∇X_t = 19.94 + ε_t   with ∇X_t = X_t − X_{t-1},,19.9444,,,2130.11,19.9444,,,,
Uganda,Area non-bearing,area,1000 ha,USDA,8,2019,2026,0,,,,too short (8 obs < 10): not modelled,,,,,,,,,,,,,,,,,,,,,,,,,,,
Uganda,Area bearing,area,1000 ha,USDA,8,2019,2026,0,,,,too short (8 obs < 10): not modelled,,,,,,,,,,,,,,,,,,,,,,,,,,,
Uganda,Yield (per harvested ha),yield,bags/ha,USDA,8,2019,2026,0,,,,too short (8 obs < 10): not modelled,,,,,,,,,,,,,,,,,,,,,,,,,,,
Uganda,Output per planted ha,yield,bags/ha,USDA,19,2008,2026,1,0.0134085,0.018406,ADF p = 0.013 on levels,ok,0,0,0,c,"ARMA(0,0)",60.1351,60.8851,62.024,-28.0676,4,0.599731,1.06004,7.27603,3,3.62751,7.00664,X_t = 11.5 + ε_t,11.5041,,,,1.12366,11.5041,,,,
