town,year,month,tmean_c,grid_lat,grid_lon
pagar_alam,2005,1,22.66,-4.25,103.25
lahat,2005,1,26.79,-3.75,103.75
muaradua,2005,1,24.88,-4.75,104.25
liwa,2005,1,24.9,-5.25,104.25
kepahiang,2005,1,24.04,-3.75,102.75
pagar_alam,2005,2,22.95,-4.25,103.25
lahat,2005,2,27.22,-3.75,103.75
muaradua,2005,2,25.19,-4.75,104.25
liwa,2005,2,25.18,-5.25,104.25
kepahiang,2005,2,24.29,-3.75,102.75
pagar_alam,2005,3,22.68,-4.25,103.25
lahat,2005,3,26.97,-3.75,103.75
muaradua,2005,3,24.93,-4.75,104.25
liwa,2005,3,24.92,-5.25,104.25
kepahiang,2005,3,24.02,-3.75,102.75
pagar_alam,2005,4,23.11,-4.25,103.25
lahat,2005,4,27.39,-3.75,103.75
muaradua,2005,4,25.5,-4.75,104.25
liwa,2005,4,25.49,-5.25,104.25
kepahiang,2005,4,24.47,-3.75,102.75
pagar_alam,2005,5,22.43,-4.25,103.25
lahat,2005,5,26.95,-3.75,103.75
muaradua,2005,5,25.36,-4.75,104.25
liwa,2005,5,25.41,-5.25,104.25
kepahiang,2005,5,23.55,-3.75,102.75
pagar_alam,2005,6,22.09,-4.25,103.25
lahat,2005,6,26.48,-3.75,103.75
muaradua,2005,6,25.04,-4.75,104.25
liwa,2005,6,25.14,-5.25,104.25
kepahiang,2005,6,22.89,-3.75,102.75
pagar_alam,2005,7,22.28,-4.25,103.25
lahat,2005,7,26.37,-3.75,103.75
muaradua,2005,7,24.38,-4.75,104.25
liwa,2005,7,24.34,-5.25,104.25
kepahiang,2005,7,23.36,-3.75,102.75
pagar_alam,2005,8,22.39,-4.25,103.25
lahat,2005,8,26.35,-3.75,103.75
muaradua,2005,8,24.56,-4.75,104.25
liwa,2005,8,24.58,-5.25,104.25
kepahiang,2005,8,23.11,-3.75,102.75
pagar_alam,2005,9,22.63,-4.25,103.25
lahat,2005,9,26.9,-3.75,103.75
muaradua,2005,9,25.01,-4.75,104.25
liwa,2005,9,24.98,-5.25,104.25
kepahiang,2005,9,23.66,-3.75,102.75
pagar_alam,2005,10,22.34,-4.25,103.25
lahat,2005,10,26.78,-3.75,103.75
muaradua,2005,10,25.09,-4.75,104.25
liwa,2005,10,25.15,-5.25,104.25
kepahiang,2005,10,23.39,-3.75,102.75
pagar_alam,2005,11,22.45,-4.25,103.25
lahat,2005,11,26.75,-3.75,103.75
muaradua,2005,11,25.01,-4.75,104.25
liwa,2005,11,25.05,-5.25,104.25
kepahiang,2005,11,23.49,-3.75,102.75
pagar_alam,2005,12,21.71,-4.25,103.25
lahat,2005,12,26.09,-3.75,103.75
muaradua,2005,12,24.38,-4.75,104.25
liwa,2005,12,24.42,-5.25,104.25
kepahiang,2005,12,22.67,-3.75,102.75
pagar_alam,2006,1,22.07,-4.25,103.25
lahat,2006,1,26.27,-3.75,103.75
muaradua,2006,1,24.43,-4.75,104.25
liwa,2006,1,24.46,-5.25,104.25
kepahiang,2006,1,23.4,-3.75,102.75
pagar_alam,2006,2,22.57,-4.25,103.25
lahat,2006,2,26.84,-3.75,103.75
muaradua,2006,2,24.95,-4.75,104.25
liwa,2006,2,24.99,-5.25,104.25
kepahiang,2006,2,23.83,-3.75,102.75
pagar_alam,2006,3,22.49,-4.25,103.25
lahat,2006,3,26.76,-3.75,103.75
muaradua,2006,3,24.73,-4.75,104.25
liwa,2006,3,24.72,-5.25,104.25
kepahiang,2006,3,23.81,-3.75,102.75
pagar_alam,2006,4,22.5,-4.25,103.25
lahat,2006,4,26.81,-3.75,103.75
muaradua,2006,4,24.87,-4.75,104.25
liwa,2006,4,24.83,-5.25,104.25
kepahiang,2006,4,23.89,-3.75,102.75
pagar_alam,2006,5,22.52,-4.25,103.25
lahat,2006,5,26.89,-3.75,103.75
muaradua,2006,5,24.95,-4.75,104.25
liwa,2006,5,24.9,-5.25,104.25
kepahiang,2006,5,23.92,-3.75,102.75
pagar_alam,2006,6,22.3,-4.25,103.25
lahat,2006,6,26.5,-3.75,103.75
muaradua,2006,6,24.81,-4.75,104.25
liwa,2006,6,24.86,-5.25,104.25
kepahiang,2006,6,23.4,-3.75,102.75
pagar_alam,2006,7,22.49,-4.25,103.25
lahat,2006,7,26.58,-3.75,103.75
muaradua,2006,7,24.59,-4.75,104.25
liwa,2006,7,24.55,-5.25,104.25
kepahiang,2006,7,23.55,-3.75,102.75
pagar_alam,2006,8,21.78,-4.25,103.25
lahat,2006,8,25.86,-3.75,103.75
muaradua,2006,8,24.2,-4.75,104.25
liwa,2006,8,24.25,-5.25,104.25
kepahiang,2006,8,22.35,-3.75,102.75
pagar_alam,2006,9,21.63,-4.25,103.25
lahat,2006,9,26.08,-3.75,103.75
muaradua,2006,9,24.48,-4.75,104.25
liwa,2006,9,24.51,-5.25,104.25
kepahiang,2006,9,22.47,-3.75,102.75
pagar_alam,2006,10,22.63,-4.25,103.25
lahat,2006,10,27.26,-3.75,103.75
muaradua,2006,10,25.77,-4.75,104.25
liwa,2006,10,25.84,-5.25,104.25
kepahiang,2006,10,23.38,-3.75,102.75
pagar_alam,2006,11,22.8,-4.25,103.25
lahat,2006,11,27.17,-3.75,103.75
muaradua,2006,11,25.68,-4.75,104.25
liwa,2006,11,25.79,-5.25,104.25
kepahiang,2006,11,23.59,-3.75,102.75
pagar_alam,2006,12,22.38,-4.25,103.25
lahat,2006,12,26.7,-3.75,103.75
muaradua,2006,12,24.98,-4.75,104.25
liwa,2006,12,25.03,-5.25,104.25
kepahiang,2006,12,23.38,-3.75,102.75
pagar_alam,2007,1,22.05,-4.25,103.25
lahat,2007,1,26.32,-3.75,103.75
muaradua,2007,1,24.83,-4.75,104.25
liwa,2007,1,24.95,-5.25,104.25
kepahiang,2007,1,23.2,-3.75,102.75
pagar_alam,2007,2,21.99,-4.25,103.25
lahat,2007,2,26.28,-3.75,103.75
muaradua,2007,2,24.48,-4.75,104.25
liwa,2007,2,24.54,-5.25,104.25
kepahiang,2007,2,23.13,-3.75,102.75
pagar_alam,2007,3,22.11,-4.25,103.25
lahat,2007,3,26.48,-3.75,103.75
muaradua,2007,3,24.85,-4.75,104.25
liwa,2007,3,24.94,-5.25,104.25
kepahiang,2007,3,23.12,-3.75,102.75
pagar_alam,2007,4,22.37,-4.25,103.25
lahat,2007,4,26.83,-3.75,103.75
muaradua,2007,4,25.18,-4.75,104.25
liwa,2007,4,25.22,-5.25,104.25
kepahiang,2007,4,23.5,-3.75,102.75
pagar_alam,2007,5,22.49,-4.25,103.25
lahat,2007,5,26.92,-3.75,103.75
muaradua,2007,5,25.1,-4.75,104.25
liwa,2007,5,25.08,-5.25,104.25
kepahiang,2007,5,23.71,-3.75,102.75
pagar_alam,2007,6,22.23,-4.25,103.25
lahat,2007,6,26.55,-3.75,103.75
muaradua,2007,6,24.62,-4.75,104.25
liwa,2007,6,24.57,-5.25,104.25
kepahiang,2007,6,23.3,-3.75,102.75
pagar_alam,2007,7,22.07,-4.25,103.25
lahat,2007,7,26.18,-3.75,103.75
muaradua,2007,7,24.54,-4.75,104.25
liwa,2007,7,24.6,-5.25,104.25
kepahiang,2007,7,22.92,-3.75,102.75
pagar_alam,2007,8,21.85,-4.25,103.25
lahat,2007,8,25.88,-3.75,103.75
muaradua,2007,8,24.1,-4.75,104.25
liwa,2007,8,24.12,-5.25,104.25
kepahiang,2007,8,22.52,-3.75,102.75
pagar_alam,2007,9,21.86,-4.25,103.25
lahat,2007,9,26.29,-3.75,103.75
muaradua,2007,9,24.67,-4.75,104.25
liwa,2007,9,24.69,-5.25,104.25
kepahiang,2007,9,22.65,-3.75,102.75
pagar_alam,2007,10,22.33,-4.25,103.25
lahat,2007,10,26.81,-3.75,103.75
muaradua,2007,10,25.1,-4.75,104.25
liwa,2007,10,25.12,-5.25,104.25
kepahiang,2007,10,23.25,-3.75,102.75
pagar_alam,2007,11,22.15,-4.25,103.25
lahat,2007,11,26.53,-3.75,103.75
muaradua,2007,11,24.94,-4.75,104.25
liwa,2007,11,25.02,-5.25,104.25
kepahiang,2007,11,23.0,-3.75,102.75
pagar_alam,2007,12,21.79,-4.25,103.25
lahat,2007,12,26.08,-3.75,103.75
muaradua,2007,12,24.29,-4.75,104.25
liwa,2007,12,24.31,-5.25,104.25
kepahiang,2007,12,22.78,-3.75,102.75
pagar_alam,2008,1,22.27,-4.25,103.25
lahat,2008,1,26.51,-3.75,103.75
muaradua,2008,1,24.91,-4.75,104.25
liwa,2008,1,25.02,-5.25,104.25
kepahiang,2008,1,23.44,-3.75,102.75
pagar_alam,2008,2,21.76,-4.25,103.25
lahat,2008,2,26.14,-3.75,103.75
muaradua,2008,2,24.13,-4.75,104.25
liwa,2008,2,24.11,-5.25,104.25
kepahiang,2008,2,22.91,-3.75,102.75
pagar_alam,2008,3,21.87,-4.25,103.25
lahat,2008,3,26.22,-3.75,103.75
muaradua,2008,3,24.53,-4.75,104.25
liwa,2008,3,24.6,-5.25,104.25
kepahiang,2008,3,22.84,-3.75,102.75
pagar_alam,2008,4,22.12,-4.25,103.25
lahat,2008,4,26.53,-3.75,103.75
muaradua,2008,4,24.68,-4.75,104.25
liwa,2008,4,24.65,-5.25,104.25
kepahiang,2008,4,23.31,-3.75,102.75
pagar_alam,2008,5,22.03,-4.25,103.25
lahat,2008,5,26.58,-3.75,103.75
muaradua,2008,5,24.91,-4.75,104.25
liwa,2008,5,24.94,-5.25,104.25
kepahiang,2008,5,23.18,-3.75,102.75
pagar_alam,2008,6,22.15,-4.25,103.25
lahat,2008,6,26.5,-3.75,103.75
muaradua,2008,6,24.71,-4.75,104.25
liwa,2008,6,24.7,-5.25,104.25
kepahiang,2008,6,23.07,-3.75,102.75
pagar_alam,2008,7,21.71,-4.25,103.25
lahat,2008,7,25.86,-3.75,103.75
muaradua,2008,7,24.12,-4.75,104.25
liwa,2008,7,24.14,-5.25,104.25
kepahiang,2008,7,22.55,-3.75,102.75
pagar_alam,2008,8,21.77,-4.25,103.25
lahat,2008,8,25.79,-3.75,103.75
muaradua,2008,8,24.08,-4.75,104.25
liwa,2008,8,24.12,-5.25,104.25
kepahiang,2008,8,22.36,-3.75,102.75
pagar_alam,2008,9,21.91,-4.25,103.25
lahat,2008,9,26.22,-3.75,103.75
muaradua,2008,9,24.7,-4.75,104.25
liwa,2008,9,24.78,-5.25,104.25
kepahiang,2008,9,22.77,-3.75,102.75
pagar_alam,2008,10,21.55,-4.25,103.25
lahat,2008,10,26.12,-3.75,103.75
muaradua,2008,10,24.47,-4.75,104.25
liwa,2008,10,24.52,-5.25,104.25
kepahiang,2008,10,22.55,-3.75,102.75
pagar_alam,2008,11,22.02,-4.25,103.25
lahat,2008,11,26.46,-3.75,103.75
muaradua,2008,11,24.8,-4.75,104.25
liwa,2008,11,24.84,-5.25,104.25
kepahiang,2008,11,22.91,-3.75,102.75
pagar_alam,2008,12,21.59,-4.25,103.25
lahat,2008,12,26.01,-3.75,103.75
muaradua,2008,12,24.43,-4.75,104.25
liwa,2008,12,24.5,-5.25,104.25
kepahiang,2008,12,22.53,-3.75,102.75
pagar_alam,2009,1,21.65,-4.25,103.25
lahat,2009,1,25.95,-3.75,103.75
muaradua,2009,1,24.22,-4.75,104.25
liwa,2009,1,24.26,-5.25,104.25
kepahiang,2009,1,22.8,-3.75,102.75
pagar_alam,2009,2,21.62,-4.25,103.25
lahat,2009,2,25.98,-3.75,103.75
muaradua,2009,2,24.11,-4.75,104.25
liwa,2009,2,24.15,-5.25,104.25
kepahiang,2009,2,22.79,-3.75,102.75
pagar_alam,2009,3,22.1,-4.25,103.25
lahat,2009,3,26.44,-3.75,103.75
muaradua,2009,3,24.8,-4.75,104.25
liwa,2009,3,24.88,-5.25,104.25
kepahiang,2009,3,23.1,-3.75,102.75
pagar_alam,2009,4,23.02,-4.25,103.25
lahat,2009,4,27.4,-3.75,103.75
muaradua,2009,4,25.38,-4.75,104.25
liwa,2009,4,25.3,-5.25,104.25
kepahiang,2009,4,24.34,-3.75,102.75
pagar_alam,2009,5,22.41,-4.25,103.25
lahat,2009,5,26.97,-3.75,103.75
muaradua,2009,5,25.23,-4.75,104.25
liwa,2009,5,25.22,-5.25,104.25
kepahiang,2009,5,23.55,-3.75,102.75
pagar_alam,2009,6,22.5,-4.25,103.25
lahat,2009,6,26.87,-3.75,103.75
muaradua,2009,6,25.26,-4.75,104.25
liwa,2009,6,25.31,-5.25,104.25
kepahiang,2009,6,23.41,-3.75,102.75
pagar_alam,2009,7,22.06,-4.25,103.25
lahat,2009,7,26.24,-3.75,103.75
muaradua,2009,7,24.6,-4.75,104.25
liwa,2009,7,24.64,-5.25,104.25
kepahiang,2009,7,22.87,-3.75,102.75
pagar_alam,2009,8,22.28,-4.25,103.25
lahat,2009,8,26.42,-3.75,103.75
muaradua,2009,8,24.73,-4.75,104.25
liwa,2009,8,24.74,-5.25,104.25
kepahiang,2009,8,22.83,-3.75,102.75
pagar_alam,2009,9,22.94,-4.25,103.25
lahat,2009,9,27.31,-3.75,103.75
muaradua,2009,9,25.44,-4.75,104.25
liwa,2009,9,25.4,-5.25,104.25
kepahiang,2009,9,23.97,-3.75,102.75
pagar_alam,2009,10,22.26,-4.25,103.25
lahat,2009,10,26.92,-3.75,103.75
muaradua,2009,10,25.2,-4.75,104.25
liwa,2009,10,25.21,-5.25,104.25
kepahiang,2009,10,23.17,-3.75,102.75
pagar_alam,2009,11,22.26,-4.25,103.25
lahat,2009,11,26.66,-3.75,103.75
muaradua,2009,11,25.05,-4.75,104.25
liwa,2009,11,25.12,-5.25,104.25
kepahiang,2009,11,23.12,-3.75,102.75
pagar_alam,2009,12,22.35,-4.25,103.25
lahat,2009,12,26.69,-3.75,103.75
muaradua,2009,12,25.05,-4.75,104.25
liwa,2009,12,25.11,-5.25,104.25
kepahiang,2009,12,23.28,-3.75,102.75
pagar_alam,2010,1,22.12,-4.25,103.25
lahat,2010,1,26.43,-3.75,103.75
muaradua,2010,1,24.62,-4.75,104.25
liwa,2010,1,24.64,-5.25,104.25
kepahiang,2010,1,23.32,-3.75,102.75
pagar_alam,2010,2,22.4,-4.25,103.25
lahat,2010,2,26.76,-3.75,103.75
muaradua,2010,2,24.92,-4.75,104.25
liwa,2010,2,24.97,-5.25,104.25
kepahiang,2010,2,23.6,-3.75,102.75
pagar_alam,2010,3,22.56,-4.25,103.25
lahat,2010,3,26.9,-3.75,103.75
muaradua,2010,3,25.16,-4.75,104.25
liwa,2010,3,25.21,-5.25,104.25
kepahiang,2010,3,23.61,-3.75,102.75
pagar_alam,2010,4,23.11,-4.25,103.25
lahat,2010,4,27.51,-3.75,103.75
muaradua,2010,4,25.9,-4.75,104.25
liwa,2010,4,25.96,-5.25,104.25
kepahiang,2010,4,24.27,-3.75,102.75
pagar_alam,2010,5,22.97,-4.25,103.25
lahat,2010,5,27.47,-3.75,103.75
muaradua,2010,5,25.62,-4.75,104.25
liwa,2010,5,25.59,-5.25,104.25
kepahiang,2010,5,24.22,-3.75,102.75
pagar_alam,2010,6,22.45,-4.25,103.25
lahat,2010,6,26.67,-3.75,103.75
muaradua,2010,6,24.8,-4.75,104.25
liwa,2010,6,24.78,-5.25,104.25
kepahiang,2010,6,23.49,-3.75,102.75
pagar_alam,2010,7,21.84,-4.25,103.25
lahat,2010,7,26.0,-3.75,103.75
muaradua,2010,7,24.14,-4.75,104.25
liwa,2010,7,24.12,-5.25,104.25
kepahiang,2010,7,22.78,-3.75,102.75
pagar_alam,2010,8,22.35,-4.25,103.25
lahat,2010,8,26.32,-3.75,103.75
muaradua,2010,8,24.67,-4.75,104.25
liwa,2010,8,24.74,-5.25,104.25
kepahiang,2010,8,22.94,-3.75,102.75
pagar_alam,2010,9,21.9,-4.25,103.25
lahat,2010,9,26.19,-3.75,103.75
muaradua,2010,9,24.26,-4.75,104.25
liwa,2010,9,24.21,-5.25,104.25
kepahiang,2010,9,22.87,-3.75,102.75
pagar_alam,2010,10,21.96,-4.25,103.25
lahat,2010,10,26.52,-3.75,103.75
muaradua,2010,10,24.85,-4.75,104.25
liwa,2010,10,24.89,-5.25,104.25
kepahiang,2010,10,22.86,-3.75,102.75
pagar_alam,2010,11,22.01,-4.25,103.25
lahat,2010,11,26.4,-3.75,103.75
muaradua,2010,11,24.65,-4.75,104.25
liwa,2010,11,24.68,-5.25,104.25
kepahiang,2010,11,22.98,-3.75,102.75
pagar_alam,2010,12,21.91,-4.25,103.25
lahat,2010,12,26.25,-3.75,103.75
muaradua,2010,12,24.45,-4.75,104.25
liwa,2010,12,24.46,-5.25,104.25
kepahiang,2010,12,22.91,-3.75,102.75
pagar_alam,2011,1,21.771,-4.25,103.25
lahat,2011,1,25.99,-3.75,103.75
muaradua,2011,1,24.271,-4.75,104.25
liwa,2011,1,24.302,-5.25,104.25
kepahiang,2011,1,22.958,-3.75,102.75
pagar_alam,2011,2,21.844,-4.25,103.25
lahat,2011,2,26.219,-3.75,103.75
muaradua,2011,2,24.437,-4.75,104.25
liwa,2011,2,24.5,-5.25,104.25
kepahiang,2011,2,22.937,-3.75,102.75
pagar_alam,2011,3,21.833,-4.25,103.25
lahat,2011,3,26.177,-3.75,103.75
muaradua,2011,3,24.333,-4.75,104.25
liwa,2011,3,24.364,-5.25,104.25
kepahiang,2011,3,22.958,-3.75,102.75
pagar_alam,2011,4,22.144,-4.25,103.25
lahat,2011,4,26.519,-3.75,103.75
muaradua,2011,4,24.706,-4.75,104.25
liwa,2011,4,24.675,-5.25,104.25
kepahiang,2011,4,23.331,-3.75,102.75
pagar_alam,2011,5,22.85,-4.25,103.25
lahat,2011,5,27.225,-3.75,103.75
muaradua,2011,5,25.163,-4.75,104.25
liwa,2011,5,25.1,-5.25,104.25
kepahiang,2011,5,24.288,-3.75,102.75
pagar_alam,2011,6,22.433,-4.25,103.25
lahat,2011,6,26.745,-3.75,103.75
muaradua,2011,6,25.058,-4.75,104.25
liwa,2011,6,25.089,-5.25,104.25
kepahiang,2011,6,23.402,-3.75,102.75
pagar_alam,2011,7,21.966,-4.25,103.25
lahat,2011,7,26.123,-3.75,103.75
muaradua,2011,7,24.248,-4.75,104.25
liwa,2011,7,24.248,-5.25,104.25
kepahiang,2011,7,22.873,-3.75,102.75
pagar_alam,2011,8,22.262,-4.25,103.25
lahat,2011,8,26.324,-3.75,103.75
muaradua,2011,8,24.512,-4.75,104.25
liwa,2011,8,24.512,-5.25,104.25
kepahiang,2011,8,22.887,-3.75,102.75
pagar_alam,2011,9,22.391,-4.25,103.25
lahat,2011,9,26.766,-3.75,103.75
muaradua,2011,9,24.86,-4.75,104.25
liwa,2011,9,24.798,-5.25,104.25
kepahiang,2011,9,23.423,-3.75,102.75
pagar_alam,2011,10,22.169,-4.25,103.25
lahat,2011,10,26.638,-3.75,103.75
muaradua,2011,10,25.044,-4.75,104.25
liwa,2011,10,25.107,-5.25,104.25
kepahiang,2011,10,23.138,-3.75,102.75
pagar_alam,2011,11,22.034,-4.25,103.25
lahat,2011,11,26.44,-3.75,103.75
muaradua,2011,11,24.815,-4.75,104.25
liwa,2011,11,24.846,-5.25,104.25
kepahiang,2011,11,22.94,-3.75,102.75
pagar_alam,2011,12,22.558,-4.25,103.25
lahat,2011,12,26.714,-3.75,103.75
muaradua,2011,12,24.964,-4.75,104.25
liwa,2011,12,25.058,-5.25,104.25
kepahiang,2011,12,23.746,-3.75,102.75
pagar_alam,2012,1,22.218,-4.25,103.25
lahat,2012,1,26.531,-3.75,103.75
muaradua,2012,1,24.781,-4.75,104.25
liwa,2012,1,24.812,-5.25,104.25
kepahiang,2012,1,23.437,-3.75,102.75
pagar_alam,2012,2,22.388,-4.25,103.25
lahat,2012,2,26.607,-3.75,103.75
muaradua,2012,2,24.638,-4.75,104.25
liwa,2012,2,24.669,-5.25,104.25
kepahiang,2012,2,23.732,-3.75,102.75
pagar_alam,2012,3,22.294,-4.25,103.25
lahat,2012,3,26.638,-3.75,103.75
muaradua,2012,3,24.856,-4.75,104.25
liwa,2012,3,24.888,-5.25,104.25
kepahiang,2012,3,23.356,-3.75,102.75
pagar_alam,2012,4,22.406,-4.25,103.25
lahat,2012,4,26.781,-3.75,103.75
muaradua,2012,4,24.812,-4.75,104.25
liwa,2012,4,24.749,-5.25,104.25
kepahiang,2012,4,23.812,-3.75,102.75
pagar_alam,2012,5,22.751,-4.25,103.25
lahat,2012,5,27.126,-3.75,103.75
muaradua,2012,5,25.283,-4.75,104.25
liwa,2012,5,25.283,-5.25,104.25
kepahiang,2012,5,24.158,-3.75,102.75
pagar_alam,2012,6,22.401,-4.25,103.25
lahat,2012,6,26.714,-3.75,103.75
muaradua,2012,6,24.87,-4.75,104.25
liwa,2012,6,24.87,-5.25,104.25
kepahiang,2012,6,23.433,-3.75,102.75
pagar_alam,2012,7,22.243,-4.25,103.25
lahat,2012,7,26.305,-3.75,103.75
muaradua,2012,7,24.305,-4.75,104.25
liwa,2012,7,24.274,-5.25,104.25
kepahiang,2012,7,23.305,-3.75,102.75
pagar_alam,2012,8,22.744,-4.25,103.25
lahat,2012,8,26.681,-3.75,103.75
muaradua,2012,8,24.744,-4.75,104.25
liwa,2012,8,24.713,-5.25,104.25
kepahiang,2012,8,23.525,-3.75,102.75
pagar_alam,2012,9,22.814,-4.25,103.25
lahat,2012,9,27.157,-3.75,103.75
muaradua,2012,9,25.189,-4.75,104.25
liwa,2012,9,25.095,-5.25,104.25
kepahiang,2012,9,23.845,-3.75,102.75
pagar_alam,2012,10,22.628,-4.25,103.25
lahat,2012,10,27.19,-3.75,103.75
muaradua,2012,10,25.596,-4.75,104.25
liwa,2012,10,25.659,-5.25,104.25
kepahiang,2012,10,23.503,-3.75,102.75
pagar_alam,2012,11,22.286,-4.25,103.25
lahat,2012,11,26.692,-3.75,103.75
muaradua,2012,11,25.099,-4.75,104.25
liwa,2012,11,25.192,-5.25,104.25
kepahiang,2012,11,23.192,-3.75,102.75
pagar_alam,2012,12,22.295,-4.25,103.25
lahat,2012,12,26.607,-3.75,103.75
muaradua,2012,12,24.982,-4.75,104.25
liwa,2012,12,25.076,-5.25,104.25
kepahiang,2012,12,23.326,-3.75,102.75
pagar_alam,2013,1,22.094,-4.25,103.25
lahat,2013,1,26.438,-3.75,103.75
muaradua,2013,1,24.562,-4.75,104.25
liwa,2013,1,24.594,-5.25,104.25
kepahiang,2013,1,23.344,-3.75,102.75
pagar_alam,2013,2,22.361,-4.25,103.25
lahat,2013,2,26.674,-3.75,103.75
muaradua,2013,2,24.674,-4.75,104.25
liwa,2013,2,24.642,-5.25,104.25
kepahiang,2013,2,23.642,-3.75,102.75
pagar_alam,2013,3,22.964,-4.25,103.25
lahat,2013,3,27.277,-3.75,103.75
muaradua,2013,3,25.62,-4.75,104.25
liwa,2013,3,25.683,-5.25,104.25
kepahiang,2013,3,23.995,-3.75,102.75
pagar_alam,2013,4,22.759,-4.25,103.25
lahat,2013,4,27.197,-3.75,103.75
muaradua,2013,4,25.478,-4.75,104.25
liwa,2013,4,25.478,-5.25,104.25
kepahiang,2013,4,23.947,-3.75,102.75
pagar_alam,2013,5,22.712,-4.25,103.25
lahat,2013,5,27.15,-3.75,103.75
muaradua,2013,5,25.212,-4.75,104.25
liwa,2013,5,25.181,-5.25,104.25
kepahiang,2013,5,23.962,-3.75,102.75
pagar_alam,2013,6,22.839,-4.25,103.25
lahat,2013,6,27.214,-3.75,103.75
muaradua,2013,6,25.527,-4.75,104.25
liwa,2013,6,25.558,-5.25,104.25
kepahiang,2013,6,23.777,-3.75,102.75
pagar_alam,2013,7,21.807,-4.25,103.25
lahat,2013,7,25.964,-3.75,103.75
muaradua,2013,7,24.214,-4.75,104.25
liwa,2013,7,24.245,-5.25,104.25
kepahiang,2013,7,22.682,-3.75,102.75
pagar_alam,2013,8,22.244,-4.25,103.25
lahat,2013,8,26.244,-3.75,103.75
muaradua,2013,8,24.619,-4.75,104.25
liwa,2013,8,24.713,-5.25,104.25
kepahiang,2013,8,22.807,-3.75,102.75
pagar_alam,2013,9,22.15,-4.25,103.25
lahat,2013,9,26.463,-3.75,103.75
muaradua,2013,9,24.869,-4.75,104.25
liwa,2013,9,24.931,-5.25,104.25
kepahiang,2013,9,22.994,-3.75,102.75
pagar_alam,2013,10,22.518,-4.25,103.25
lahat,2013,10,27.018,-3.75,103.75
muaradua,2013,10,25.518,-4.75,104.25
liwa,2013,10,25.611,-5.25,104.25
kepahiang,2013,10,23.393,-3.75,102.75
pagar_alam,2013,11,22.139,-4.25,103.25
lahat,2013,11,26.576,-3.75,103.75
muaradua,2013,11,24.92,-4.75,104.25
liwa,2013,11,24.982,-5.25,104.25
kepahiang,2013,11,23.107,-3.75,102.75
pagar_alam,2013,12,22.146,-4.25,103.25
lahat,2013,12,26.427,-3.75,103.75
muaradua,2013,12,24.646,-4.75,104.25
liwa,2013,12,24.677,-5.25,104.25
kepahiang,2013,12,23.24,-3.75,102.75
pagar_alam,2014,1,21.309,-4.25,103.25
lahat,2014,1,25.496,-3.75,103.75
muaradua,2014,1,23.184,-4.75,104.25
liwa,2014,1,23.059,-5.25,104.25
kepahiang,2014,1,22.84,-3.75,102.75
pagar_alam,2014,2,21.843,-4.25,103.25
lahat,2014,2,26.156,-3.75,103.75
muaradua,2014,2,23.687,-4.75,104.25
liwa,2014,2,23.5,-5.25,104.25
kepahiang,2014,2,23.343,-3.75,102.75
pagar_alam,2014,3,21.991,-4.25,103.25
lahat,2014,3,26.334,-3.75,103.75
muaradua,2014,3,24.084,-4.75,104.25
liwa,2014,3,23.959,-5.25,104.25
kepahiang,2014,3,23.334,-3.75,102.75
pagar_alam,2014,4,22.293,-4.25,103.25
lahat,2014,4,26.668,-3.75,103.75
muaradua,2014,4,24.481,-4.75,104.25
liwa,2014,4,24.324,-5.25,104.25
kepahiang,2014,4,23.668,-3.75,102.75
pagar_alam,2014,5,22.389,-4.25,103.25
lahat,2014,5,26.858,-3.75,103.75
muaradua,2014,5,24.608,-4.75,104.25
liwa,2014,5,24.421,-5.25,104.25
kepahiang,2014,5,23.858,-3.75,102.75
pagar_alam,2014,6,22.43,-4.25,103.25
lahat,2014,6,26.743,-3.75,103.75
muaradua,2014,6,24.524,-4.75,104.25
liwa,2014,6,24.368,-5.25,104.25
kepahiang,2014,6,23.68,-3.75,102.75
pagar_alam,2014,7,22.811,-4.25,103.25
lahat,2014,7,26.904,-3.75,103.75
muaradua,2014,7,24.436,-4.75,104.25
liwa,2014,7,24.186,-5.25,104.25
kepahiang,2014,7,23.998,-3.75,102.75
pagar_alam,2014,8,21.892,-4.25,103.25
lahat,2014,8,25.923,-3.75,103.75
muaradua,2014,8,23.673,-4.75,104.25
liwa,2014,8,23.517,-5.25,104.25
kepahiang,2014,8,22.735,-3.75,102.75
pagar_alam,2014,9,22.09,-4.25,103.25
lahat,2014,9,26.403,-3.75,103.75
muaradua,2014,9,24.184,-4.75,104.25
liwa,2014,9,23.997,-5.25,104.25
kepahiang,2014,9,23.184,-3.75,102.75
pagar_alam,2014,10,22.51,-4.25,103.25
lahat,2014,10,27.041,-3.75,103.75
muaradua,2014,10,25.041,-4.75,104.25
liwa,2014,10,24.916,-5.25,104.25
kepahiang,2014,10,23.604,-3.75,102.75
pagar_alam,2014,11,22.271,-4.25,103.25
lahat,2014,11,26.678,-3.75,103.75
muaradua,2014,11,24.646,-4.75,104.25
liwa,2014,11,24.553,-5.25,104.25
kepahiang,2014,11,23.396,-3.75,102.75
pagar_alam,2014,12,22.192,-4.25,103.25
lahat,2014,12,26.473,-3.75,103.75
muaradua,2014,12,24.317,-4.75,104.25
liwa,2014,12,24.161,-5.25,104.25
kepahiang,2014,12,23.411,-3.75,102.75
pagar_alam,2015,1,21.893,-4.25,103.25
lahat,2015,1,26.143,-3.75,103.75
muaradua,2015,1,23.955,-4.75,104.25
liwa,2015,1,23.799,-5.25,104.25
kepahiang,2015,1,23.33,-3.75,102.75
pagar_alam,2015,2,21.662,-4.25,103.25
lahat,2015,2,26.005,-3.75,103.75
muaradua,2015,2,23.693,-4.75,104.25
liwa,2015,2,23.537,-5.25,104.25
kepahiang,2015,2,23.099,-3.75,102.75
pagar_alam,2015,3,22.263,-4.25,103.25
lahat,2015,3,26.544,-3.75,103.75
muaradua,2015,3,24.325,-4.75,104.25
liwa,2015,3,24.138,-5.25,104.25
kepahiang,2015,3,23.544,-3.75,102.75
pagar_alam,2015,4,22.299,-4.25,103.25
lahat,2015,4,26.705,-3.75,103.75
muaradua,2015,4,24.424,-4.75,104.25
liwa,2015,4,24.236,-5.25,104.25
kepahiang,2015,4,23.705,-3.75,102.75
pagar_alam,2015,5,22.628,-4.25,103.25
lahat,2015,5,27.097,-3.75,103.75
muaradua,2015,5,24.815,-4.75,104.25
liwa,2015,5,24.597,-5.25,104.25
kepahiang,2015,5,24.065,-3.75,102.75
pagar_alam,2015,6,22.48,-4.25,103.25
lahat,2015,6,26.792,-3.75,103.75
muaradua,2015,6,24.511,-4.75,104.25
liwa,2015,6,24.355,-5.25,104.25
kepahiang,2015,6,23.667,-3.75,102.75
pagar_alam,2015,7,22.38,-4.25,103.25
lahat,2015,7,26.537,-3.75,103.75
muaradua,2015,7,24.255,-4.75,104.25
liwa,2015,7,24.068,-5.25,104.25
kepahiang,2015,7,23.505,-3.75,102.75
pagar_alam,2015,8,22.548,-4.25,103.25
lahat,2015,8,26.548,-3.75,103.75
muaradua,2015,8,24.33,-4.75,104.25
liwa,2015,8,24.111,-5.25,104.25
kepahiang,2015,8,23.33,-3.75,102.75
pagar_alam,2015,9,22.294,-4.25,103.25
lahat,2015,9,26.638,-3.75,103.75
muaradua,2015,9,24.482,-4.75,104.25
liwa,2015,9,24.294,-5.25,104.25
kepahiang,2015,9,23.357,-3.75,102.75
pagar_alam,2015,10,22.567,-4.25,103.25
lahat,2015,10,27.098,-3.75,103.75
muaradua,2015,10,25.13,-4.75,104.25
liwa,2015,10,25.036,-5.25,104.25
kepahiang,2015,10,23.598,-3.75,102.75
pagar_alam,2015,11,22.634,-4.25,103.25
lahat,2015,11,27.071,-3.75,103.75
muaradua,2015,11,25.102,-4.75,104.25
liwa,2015,11,24.977,-5.25,104.25
kepahiang,2015,11,23.696,-3.75,102.75
pagar_alam,2015,12,22.633,-4.25,103.25
lahat,2015,12,26.946,-3.75,103.75
muaradua,2015,12,24.727,-4.75,104.25
liwa,2015,12,24.539,-5.25,104.25
kepahiang,2015,12,23.852,-3.75,102.75
pagar_alam,2016,1,23.062,-4.25,103.25
lahat,2016,1,27.281,-3.75,103.75
muaradua,2016,1,25.125,-4.75,104.25
liwa,2016,1,25.0,-5.25,104.25
kepahiang,2016,1,24.468,-3.75,102.75
pagar_alam,2016,2,22.57,-4.25,103.25
lahat,2016,2,26.851,-3.75,103.75
muaradua,2016,2,24.663,-4.75,104.25
liwa,2016,2,24.57,-5.25,104.25
kepahiang,2016,2,23.882,-3.75,102.75
pagar_alam,2016,3,23.113,-4.25,103.25
lahat,2016,3,27.395,-3.75,103.75
muaradua,2016,3,25.176,-4.75,104.25
liwa,2016,3,25.051,-5.25,104.25
kepahiang,2016,3,24.395,-3.75,102.75
pagar_alam,2016,4,23.197,-4.25,103.25
lahat,2016,4,27.572,-3.75,103.75
muaradua,2016,4,25.26,-4.75,104.25
liwa,2016,4,25.072,-5.25,104.25
kepahiang,2016,4,24.635,-3.75,102.75
pagar_alam,2016,5,23.163,-4.25,103.25
lahat,2016,5,27.632,-3.75,103.75
muaradua,2016,5,25.351,-4.75,104.25
liwa,2016,5,25.163,-5.25,104.25
kepahiang,2016,5,24.601,-3.75,102.75
pagar_alam,2016,6,22.401,-4.25,103.25
lahat,2016,6,26.714,-3.75,103.75
muaradua,2016,6,24.526,-4.75,104.25
liwa,2016,6,24.401,-5.25,104.25
kepahiang,2016,6,23.557,-3.75,102.75
pagar_alam,2016,7,22.43,-4.25,103.25
lahat,2016,7,26.555,-3.75,103.75
muaradua,2016,7,24.305,-4.75,104.25
liwa,2016,7,24.087,-5.25,104.25
kepahiang,2016,7,23.524,-3.75,102.75
pagar_alam,2016,8,22.619,-4.25,103.25
lahat,2016,8,26.651,-3.75,103.75
muaradua,2016,8,24.401,-4.75,104.25
liwa,2016,8,24.213,-5.25,104.25
kepahiang,2016,8,23.432,-3.75,102.75
pagar_alam,2016,9,22.493,-4.25,103.25
lahat,2016,9,26.805,-3.75,103.75
muaradua,2016,9,24.618,-4.75,104.25
liwa,2016,9,24.43,-5.25,104.25
kepahiang,2016,9,23.586,-3.75,102.75
pagar_alam,2016,10,22.043,-4.25,103.25
lahat,2016,10,26.574,-3.75,103.75
muaradua,2016,10,24.449,-4.75,104.25
liwa,2016,10,24.324,-5.25,104.25
kepahiang,2016,10,23.261,-3.75,102.75
pagar_alam,2016,11,22.556,-4.25,103.25
lahat,2016,11,26.9,-3.75,103.75
muaradua,2016,11,24.806,-4.75,104.25
liwa,2016,11,24.713,-5.25,104.25
kepahiang,2016,11,23.681,-3.75,102.75
pagar_alam,2016,12,22.236,-4.25,103.25
lahat,2016,12,26.58,-3.75,103.75
muaradua,2016,12,24.423,-4.75,104.25
liwa,2016,12,24.298,-5.25,104.25
kepahiang,2016,12,23.455,-3.75,102.75
pagar_alam,2017,1,22.14,-4.25,103.25
lahat,2017,1,26.39,-3.75,103.75
muaradua,2017,1,24.233,-4.75,104.25
liwa,2017,1,24.077,-5.25,104.25
kepahiang,2017,1,23.546,-3.75,102.75
pagar_alam,2017,2,21.843,-4.25,103.25
lahat,2017,2,26.187,-3.75,103.75
muaradua,2017,2,23.906,-4.75,104.25
liwa,2017,2,23.749,-5.25,104.25
kepahiang,2017,2,23.187,-3.75,102.75
pagar_alam,2017,3,22.27,-4.25,103.25
lahat,2017,3,26.582,-3.75,103.75
muaradua,2017,3,24.364,-4.75,104.25
liwa,2017,3,24.27,-5.25,104.25
kepahiang,2017,3,23.551,-3.75,102.75
pagar_alam,2017,4,22.492,-4.25,103.25
lahat,2017,4,26.898,-3.75,103.75
muaradua,2017,4,24.71,-4.75,104.25
liwa,2017,4,24.554,-5.25,104.25
kepahiang,2017,4,23.867,-3.75,102.75
pagar_alam,2017,5,22.509,-4.25,103.25
lahat,2017,5,26.977,-3.75,103.75
muaradua,2017,5,24.727,-4.75,104.25
liwa,2017,5,24.571,-5.25,104.25
kepahiang,2017,5,23.946,-3.75,102.75
pagar_alam,2017,6,22.308,-4.25,103.25
lahat,2017,6,26.621,-3.75,103.75
muaradua,2017,6,24.371,-4.75,104.25
liwa,2017,6,24.215,-5.25,104.25
kepahiang,2017,6,23.465,-3.75,102.75
pagar_alam,2017,7,22.111,-4.25,103.25
lahat,2017,7,26.236,-3.75,103.75
muaradua,2017,7,23.923,-4.75,104.25
liwa,2017,7,23.736,-5.25,104.25
kepahiang,2017,7,23.236,-3.75,102.75
pagar_alam,2017,8,22.162,-4.25,103.25
lahat,2017,8,26.162,-3.75,103.75
muaradua,2017,8,23.943,-4.75,104.25
liwa,2017,8,23.818,-5.25,104.25
kepahiang,2017,8,22.975,-3.75,102.75
pagar_alam,2017,9,22.433,-4.25,103.25
lahat,2017,9,26.745,-3.75,103.75
muaradua,2017,9,24.589,-4.75,104.25
liwa,2017,9,24.402,-5.25,104.25
kepahiang,2017,9,23.464,-3.75,102.75
pagar_alam,2017,10,22.436,-4.25,103.25
lahat,2017,10,26.967,-3.75,103.75
muaradua,2017,10,24.842,-4.75,104.25
liwa,2017,10,24.717,-5.25,104.25
kepahiang,2017,10,23.561,-3.75,102.75
pagar_alam,2017,11,22.518,-4.25,103.25
lahat,2017,11,26.893,-3.75,103.75
muaradua,2017,11,24.83,-4.75,104.25
liwa,2017,11,24.737,-5.25,104.25
kepahiang,2017,11,23.643,-3.75,102.75
pagar_alam,2017,12,22.269,-4.25,103.25
lahat,2017,12,26.581,-3.75,103.75
muaradua,2017,12,24.425,-4.75,104.25
liwa,2017,12,24.269,-5.25,104.25
kepahiang,2017,12,23.519,-3.75,102.75
pagar_alam,2018,1,22.049,-4.25,103.25
lahat,2018,1,26.33,-3.75,103.75
muaradua,2018,1,24.111,-4.75,104.25
liwa,2018,1,23.955,-5.25,104.25
kepahiang,2018,1,23.486,-3.75,102.75
pagar_alam,2018,2,21.952,-4.25,103.25
lahat,2018,2,26.265,-3.75,103.75
muaradua,2018,2,24.015,-4.75,104.25
liwa,2018,2,23.858,-5.25,104.25
kepahiang,2018,2,23.327,-3.75,102.75
pagar_alam,2018,3,22.184,-4.25,103.25
lahat,2018,3,26.496,-3.75,103.75
muaradua,2018,3,24.246,-4.75,104.25
liwa,2018,3,24.121,-5.25,104.25
kepahiang,2018,3,23.465,-3.75,102.75
pagar_alam,2018,4,22.725,-4.25,103.25
lahat,2018,4,27.131,-3.75,103.75
muaradua,2018,4,24.85,-4.75,104.25
liwa,2018,4,24.662,-5.25,104.25
kepahiang,2018,4,24.162,-3.75,102.75
pagar_alam,2018,5,22.645,-4.25,103.25
lahat,2018,5,27.082,-3.75,103.75
muaradua,2018,5,24.801,-4.75,104.25
liwa,2018,5,24.614,-5.25,104.25
kepahiang,2018,5,24.082,-3.75,102.75
pagar_alam,2018,6,22.326,-4.25,103.25
lahat,2018,6,26.638,-3.75,103.75
muaradua,2018,6,24.42,-4.75,104.25
liwa,2018,6,24.232,-5.25,104.25
kepahiang,2018,6,23.513,-3.75,102.75
pagar_alam,2018,7,22.108,-4.25,103.25
lahat,2018,7,26.264,-3.75,103.75
muaradua,2018,7,23.889,-4.75,104.25
liwa,2018,7,23.702,-5.25,104.25
kepahiang,2018,7,23.233,-3.75,102.75
pagar_alam,2018,8,22.377,-4.25,103.25
lahat,2018,8,26.44,-3.75,103.75
muaradua,2018,8,24.158,-4.75,104.25
liwa,2018,8,23.971,-5.25,104.25
kepahiang,2018,8,23.19,-3.75,102.75
pagar_alam,2018,9,21.953,-4.25,103.25
lahat,2018,9,26.297,-3.75,103.75
muaradua,2018,9,24.047,-4.75,104.25
liwa,2018,9,23.859,-5.25,104.25
kepahiang,2018,9,23.078,-3.75,102.75
pagar_alam,2018,10,22.562,-4.25,103.25
lahat,2018,10,27.093,-3.75,103.75
muaradua,2018,10,25.031,-4.75,104.25
liwa,2018,10,24.937,-5.25,104.25
kepahiang,2018,10,23.656,-3.75,102.75
pagar_alam,2018,11,22.578,-4.25,103.25
lahat,2018,11,26.953,-3.75,103.75
muaradua,2018,11,24.891,-4.75,104.25
liwa,2018,11,24.766,-5.25,104.25
kepahiang,2018,11,23.672,-3.75,102.75
pagar_alam,2018,12,22.242,-4.25,103.25
lahat,2018,12,26.555,-3.75,103.75
muaradua,2018,12,24.398,-4.75,104.25
liwa,2018,12,24.305,-5.25,104.25
kepahiang,2018,12,23.461,-3.75,102.75
pagar_alam,2019,1,22.557,-4.25,103.25
lahat,2019,1,26.807,-3.75,103.75
muaradua,2019,1,24.588,-4.75,104.25
liwa,2019,1,24.432,-5.25,104.25
kepahiang,2019,1,24.026,-3.75,102.75
pagar_alam,2019,2,22.495,-4.25,103.25
lahat,2019,2,26.839,-3.75,103.75
muaradua,2019,2,24.589,-4.75,104.25
liwa,2019,2,24.464,-5.25,104.25
kepahiang,2019,2,23.87,-3.75,102.75
pagar_alam,2019,3,22.52,-4.25,103.25
lahat,2019,3,26.864,-3.75,103.75
muaradua,2019,3,24.582,-4.75,104.25
liwa,2019,3,24.457,-5.25,104.25
kepahiang,2019,3,23.832,-3.75,102.75
pagar_alam,2019,4,22.86,-4.25,103.25
lahat,2019,4,27.235,-3.75,103.75
muaradua,2019,4,24.985,-4.75,104.25
liwa,2019,4,24.797,-5.25,104.25
kepahiang,2019,4,24.297,-3.75,102.75
pagar_alam,2019,5,22.824,-4.25,103.25
lahat,2019,5,27.293,-3.75,103.75
muaradua,2019,5,24.98,-4.75,104.25
liwa,2019,5,24.793,-5.25,104.25
kepahiang,2019,5,24.262,-3.75,102.75
pagar_alam,2019,6,22.546,-4.25,103.25
lahat,2019,6,26.858,-3.75,103.75
muaradua,2019,6,24.64,-4.75,104.25
liwa,2019,6,24.452,-5.25,104.25
kepahiang,2019,6,23.733,-3.75,102.75
pagar_alam,2019,7,22.203,-4.25,103.25
lahat,2019,7,26.36,-3.75,103.75
muaradua,2019,7,24.016,-4.75,104.25
liwa,2019,7,23.766,-5.25,104.25
kepahiang,2019,7,23.36,-3.75,102.75
pagar_alam,2019,8,22.17,-4.25,103.25
lahat,2019,8,26.263,-3.75,103.75
muaradua,2019,8,23.92,-4.75,104.25
liwa,2019,8,23.701,-5.25,104.25
kepahiang,2019,8,23.013,-3.75,102.75
pagar_alam,2019,9,22.259,-4.25,103.25
lahat,2019,9,26.634,-3.75,103.75
muaradua,2019,9,24.415,-4.75,104.25
liwa,2019,9,24.196,-5.25,104.25
kepahiang,2019,9,23.384,-3.75,102.75
pagar_alam,2019,10,22.444,-4.25,103.25
lahat,2019,10,27.007,-3.75,103.75
muaradua,2019,10,25.007,-4.75,104.25
liwa,2019,10,24.882,-5.25,104.25
kepahiang,2019,10,23.475,-3.75,102.75
pagar_alam,2019,11,23.039,-4.25,103.25
lahat,2019,11,27.445,-3.75,103.75
muaradua,2019,11,25.476,-4.75,104.25
liwa,2019,11,25.351,-5.25,104.25
kepahiang,2019,11,24.039,-3.75,102.75
pagar_alam,2019,12,22.665,-4.25,103.25
lahat,2019,12,26.946,-3.75,103.75
muaradua,2019,12,24.821,-4.75,104.25
liwa,2019,12,24.696,-5.25,104.25
kepahiang,2019,12,23.821,-3.75,102.75
pagar_alam,2020,1,22.696,-4.25,103.25
lahat,2020,1,26.914,-3.75,103.75
muaradua,2020,1,24.696,-4.75,104.25
liwa,2020,1,24.539,-5.25,104.25
kepahiang,2020,1,24.164,-3.75,102.75
pagar_alam,2020,2,22.725,-4.25,103.25
lahat,2020,2,27.068,-3.75,103.75
muaradua,2020,2,24.693,-4.75,104.25
liwa,2020,2,24.475,-5.25,104.25
kepahiang,2020,2,24.162,-3.75,102.75
pagar_alam,2020,3,22.835,-4.25,103.25
lahat,2020,3,27.21,-3.75,103.75
muaradua,2020,3,24.866,-4.75,104.25
liwa,2020,3,24.678,-5.25,104.25
kepahiang,2020,3,24.178,-3.75,102.75
pagar_alam,2020,4,22.82,-4.25,103.25
lahat,2020,4,27.226,-3.75,103.75
muaradua,2020,4,24.913,-4.75,104.25
liwa,2020,4,24.695,-5.25,104.25
kepahiang,2020,4,24.288,-3.75,102.75
pagar_alam,2020,5,22.845,-4.25,103.25
lahat,2020,5,27.314,-3.75,103.75
muaradua,2020,5,25.033,-4.75,104.25
liwa,2020,5,24.814,-5.25,104.25
kepahiang,2020,5,24.314,-3.75,102.75
pagar_alam,2020,6,22.313,-4.25,103.25
lahat,2020,6,26.626,-3.75,103.75
muaradua,2020,6,24.376,-4.75,104.25
liwa,2020,6,24.157,-5.25,104.25
kepahiang,2020,6,23.532,-3.75,102.75
pagar_alam,2020,7,22.169,-4.25,103.25
lahat,2020,7,26.294,-3.75,103.75
muaradua,2020,7,23.951,-4.75,104.25
liwa,2020,7,23.732,-5.25,104.25
kepahiang,2020,7,23.326,-3.75,102.75
pagar_alam,2020,8,22.66,-4.25,103.25
lahat,2020,8,26.691,-3.75,103.75
muaradua,2020,8,24.379,-4.75,104.25
liwa,2020,8,24.129,-5.25,104.25
kepahiang,2020,8,23.504,-3.75,102.75
pagar_alam,2020,9,22.062,-4.25,103.25
lahat,2020,9,26.406,-3.75,103.75
muaradua,2020,9,24.187,-4.75,104.25
liwa,2020,9,23.968,-5.25,104.25
kepahiang,2020,9,23.187,-3.75,102.75
pagar_alam,2020,10,22.098,-4.25,103.25
lahat,2020,10,26.661,-3.75,103.75
muaradua,2020,10,24.473,-4.75,104.25
liwa,2020,10,24.317,-5.25,104.25
kepahiang,2020,10,23.286,-3.75,102.75
pagar_alam,2020,11,22.427,-4.25,103.25
lahat,2020,11,26.833,-3.75,103.75
muaradua,2020,11,24.739,-4.75,104.25
liwa,2020,11,24.614,-5.25,104.25
kepahiang,2020,11,23.552,-3.75,102.75
pagar_alam,2020,12,22.005,-4.25,103.25
lahat,2020,12,26.38,-3.75,103.75
muaradua,2020,12,24.13,-4.75,104.25
liwa,2020,12,23.942,-5.25,104.25
kepahiang,2020,12,23.255,-3.75,102.75
pagar_alam,2021,1,21.791,-4.25,103.25
lahat,2021,1,26.01,-3.75,103.75
muaradua,2021,1,23.76,-4.75,104.25
liwa,2021,1,23.603,-5.25,104.25
kepahiang,2021,1,23.26,-3.75,102.75
pagar_alam,2021,2,22.126,-4.25,103.25
lahat,2021,2,26.47,-3.75,103.75
muaradua,2021,2,24.064,-4.75,104.25
liwa,2021,2,23.845,-5.25,104.25
kepahiang,2021,2,23.564,-3.75,102.75
pagar_alam,2021,3,22.268,-4.25,103.25
lahat,2021,3,26.612,-3.75,103.75
muaradua,2021,3,24.362,-4.75,104.25
liwa,2021,3,24.206,-5.25,104.25
kepahiang,2021,3,23.549,-3.75,102.75
pagar_alam,2021,4,22.366,-4.25,103.25
lahat,2021,4,26.773,-3.75,103.75
muaradua,2021,4,24.523,-4.75,104.25
liwa,2021,4,24.335,-5.25,104.25
kepahiang,2021,4,23.773,-3.75,102.75
pagar_alam,2021,5,22.732,-4.25,103.25
lahat,2021,5,27.201,-3.75,103.75
muaradua,2021,5,24.951,-4.75,104.25
liwa,2021,5,24.732,-5.25,104.25
kepahiang,2021,5,24.169,-3.75,102.75
pagar_alam,2021,6,22.455,-4.25,103.25
lahat,2021,6,26.768,-3.75,103.75
muaradua,2021,6,24.518,-4.75,104.25
liwa,2021,6,24.33,-5.25,104.25
kepahiang,2021,6,23.612,-3.75,102.75
pagar_alam,2021,7,22.285,-4.25,103.25
lahat,2021,7,26.442,-3.75,103.75
muaradua,2021,7,24.098,-4.75,104.25
liwa,2021,7,23.879,-5.25,104.25
kepahiang,2021,7,23.379,-3.75,102.75
pagar_alam,2021,8,22.295,-4.25,103.25
lahat,2021,8,26.295,-3.75,103.75
muaradua,2021,8,24.045,-4.75,104.25
liwa,2021,8,23.858,-5.25,104.25
kepahiang,2021,8,23.108,-3.75,102.75
pagar_alam,2021,9,22.162,-4.25,103.25
lahat,2021,9,26.474,-3.75,103.75
muaradua,2021,9,24.224,-4.75,104.25
liwa,2021,9,23.974,-5.25,104.25
kepahiang,2021,9,23.287,-3.75,102.75
pagar_alam,2021,10,22.557,-4.25,103.25
lahat,2021,10,27.12,-3.75,103.75
muaradua,2021,10,24.963,-4.75,104.25
liwa,2021,10,24.776,-5.25,104.25
kepahiang,2021,10,23.713,-3.75,102.75
pagar_alam,2021,11,22.586,-4.25,103.25
lahat,2021,11,26.929,-3.75,103.75
muaradua,2021,11,24.804,-4.75,104.25
liwa,2021,11,24.648,-5.25,104.25
kepahiang,2021,11,23.711,-3.75,102.75
pagar_alam,2021,12,22.673,-4.25,103.25
lahat,2021,12,26.923,-3.75,103.75
muaradua,2021,12,24.735,-4.75,104.25
liwa,2021,12,24.517,-5.25,104.25
kepahiang,2021,12,23.892,-3.75,102.75
pagar_alam,2022,1,22.615,-4.25,103.25
lahat,2022,1,26.802,-3.75,103.75
muaradua,2022,1,24.615,-4.75,104.25
liwa,2022,1,24.458,-5.25,104.25
kepahiang,2022,1,24.052,-3.75,102.75
pagar_alam,2022,2,22.362,-4.25,103.25
lahat,2022,2,26.675,-3.75,103.75
muaradua,2022,2,24.425,-4.75,104.25
liwa,2022,2,24.269,-5.25,104.25
kepahiang,2022,2,23.706,-3.75,102.75
pagar_alam,2022,3,22.741,-4.25,103.25
lahat,2022,3,27.085,-3.75,103.75
muaradua,2022,3,24.866,-4.75,104.25
liwa,2022,3,24.71,-5.25,104.25
kepahiang,2022,3,23.96,-3.75,102.75
pagar_alam,2022,4,22.799,-4.25,103.25
lahat,2022,4,27.174,-3.75,103.75
muaradua,2022,4,24.987,-4.75,104.25
liwa,2022,4,24.799,-5.25,104.25
kepahiang,2022,4,24.174,-3.75,102.75
pagar_alam,2022,5,22.757,-4.25,103.25
lahat,2022,5,27.225,-3.75,103.75
muaradua,2022,5,24.944,-4.75,104.25
liwa,2022,5,24.725,-5.25,104.25
kepahiang,2022,5,24.163,-3.75,102.75
pagar_alam,2022,6,21.899,-4.25,103.25
lahat,2022,6,26.212,-3.75,103.75
muaradua,2022,6,23.931,-4.75,104.25
liwa,2022,6,23.712,-5.25,104.25
kepahiang,2022,6,23.103,-3.75,102.75
pagar_alam,2022,7,22.107,-4.25,103.25
lahat,2022,7,26.232,-3.75,103.75
muaradua,2022,7,23.888,-4.75,104.25
liwa,2022,7,23.67,-5.25,104.25
kepahiang,2022,7,23.232,-3.75,102.75
pagar_alam,2022,8,22.279,-4.25,103.25
lahat,2022,8,26.279,-3.75,103.75
muaradua,2022,8,23.998,-4.75,104.25
liwa,2022,8,23.779,-5.25,104.25
kepahiang,2022,8,23.091,-3.75,102.75
pagar_alam,2022,9,21.946,-4.25,103.25
lahat,2022,9,26.29,-3.75,103.75
muaradua,2022,9,24.04,-4.75,104.25
liwa,2022,9,23.79,-5.25,104.25
kepahiang,2022,9,23.071,-3.75,102.75
pagar_alam,2022,10,21.96,-4.25,103.25
lahat,2022,10,26.491,-3.75,103.75
muaradua,2022,10,24.273,-4.75,104.25
liwa,2022,10,24.085,-5.25,104.25
kepahiang,2022,10,23.116,-3.75,102.75
pagar_alam,2022,11,22.18,-4.25,103.25
lahat,2022,11,26.586,-3.75,103.75
muaradua,2022,11,24.492,-4.75,104.25
liwa,2022,11,24.336,-5.25,104.25
kepahiang,2022,11,23.273,-3.75,102.75
pagar_alam,2022,12,22.002,-4.25,103.25
lahat,2022,12,26.315,-3.75,103.75
muaradua,2022,12,24.096,-4.75,104.25
liwa,2022,12,23.908,-5.25,104.25
kepahiang,2022,12,23.221,-3.75,102.75
pagar_alam,2023,1,21.848,-4.25,103.25
lahat,2023,1,26.098,-3.75,103.75
muaradua,2023,1,23.911,-4.75,104.25
liwa,2023,1,23.786,-5.25,104.25
kepahiang,2023,1,23.255,-3.75,102.75
pagar_alam,2023,2,21.822,-4.25,103.25
lahat,2023,2,26.197,-3.75,103.75
muaradua,2023,2,23.853,-4.75,104.25
liwa,2023,2,23.634,-5.25,104.25
kepahiang,2023,2,23.228,-3.75,102.75
pagar_alam,2023,3,22.298,-4.25,103.25
lahat,2023,3,26.61,-3.75,103.75
muaradua,2023,3,24.391,-4.75,104.25
liwa,2023,3,24.204,-5.25,104.25
kepahiang,2023,3,23.579,-3.75,102.75
pagar_alam,2023,4,22.912,-4.25,103.25
lahat,2023,4,27.287,-3.75,103.75
muaradua,2023,4,25.099,-4.75,104.25
liwa,2023,4,24.881,-5.25,104.25
kepahiang,2023,4,24.318,-3.75,102.75
pagar_alam,2023,5,23.068,-4.25,103.25
lahat,2023,5,27.505,-3.75,103.75
muaradua,2023,5,25.224,-4.75,104.25
liwa,2023,5,25.005,-5.25,104.25
kepahiang,2023,5,24.536,-3.75,102.75
pagar_alam,2023,6,22.871,-4.25,103.25
lahat,2023,6,27.152,-3.75,103.75
muaradua,2023,6,24.902,-4.75,104.25
liwa,2023,6,24.652,-5.25,104.25
kepahiang,2023,6,24.059,-3.75,102.75
pagar_alam,2023,7,22.388,-4.25,103.25
lahat,2023,7,26.545,-3.75,103.75
muaradua,2023,7,24.232,-4.75,104.25
liwa,2023,7,23.982,-5.25,104.25
kepahiang,2023,7,23.513,-3.75,102.75
pagar_alam,2023,8,22.661,-4.25,103.25
lahat,2023,8,26.661,-3.75,103.75
muaradua,2023,8,24.348,-4.75,104.25
liwa,2023,8,24.098,-5.25,104.25
kepahiang,2023,8,23.473,-3.75,102.75
pagar_alam,2023,9,22.535,-4.25,103.25
lahat,2023,9,26.91,-3.75,103.75
muaradua,2023,9,24.723,-4.75,104.25
liwa,2023,9,24.504,-5.25,104.25
kepahiang,2023,9,23.598,-3.75,102.75
pagar_alam,2023,10,23.31,-4.25,103.25
lahat,2023,10,27.873,-3.75,103.75
muaradua,2023,10,25.842,-4.75,104.25
liwa,2023,10,25.717,-5.25,104.25
kepahiang,2023,10,24.342,-3.75,102.75
pagar_alam,2023,11,23.254,-4.25,103.25
lahat,2023,11,27.598,-3.75,103.75
muaradua,2023,11,25.535,-4.75,104.25
liwa,2023,11,25.379,-5.25,104.25
kepahiang,2023,11,24.316,-3.75,102.75
pagar_alam,2023,12,23.18,-4.25,103.25
lahat,2023,12,27.43,-3.75,103.75
muaradua,2023,12,25.337,-4.75,104.25
liwa,2023,12,25.149,-5.25,104.25
kepahiang,2023,12,24.368,-3.75,102.75
pagar_alam,2024,1,22.924,-4.25,103.25
lahat,2024,1,27.112,-3.75,103.75
muaradua,2024,1,24.924,-4.75,104.25
liwa,2024,1,24.737,-5.25,104.25
kepahiang,2024,1,24.362,-3.75,102.75
pagar_alam,2024,2,22.92,-4.25,103.25
lahat,2024,2,27.201,-3.75,103.75
muaradua,2024,2,24.888,-4.75,104.25
liwa,2024,2,24.701,-5.25,104.25
kepahiang,2024,2,24.326,-3.75,102.75
pagar_alam,2024,3,23.159,-4.25,103.25
lahat,2024,3,27.472,-3.75,103.75
muaradua,2024,3,25.097,-4.75,104.25
liwa,2024,3,24.878,-5.25,104.25
kepahiang,2024,3,24.503,-3.75,102.75
pagar_alam,2024,4,23.405,-4.25,103.25
lahat,2024,4,27.78,-3.75,103.75
muaradua,2024,4,25.468,-4.75,104.25
liwa,2024,4,25.218,-5.25,104.25
kepahiang,2024,4,24.874,-3.75,102.75
pagar_alam,2024,5,23.362,-4.25,103.25
lahat,2024,5,27.768,-3.75,103.75
muaradua,2024,5,25.487,-4.75,104.25
liwa,2024,5,25.237,-5.25,104.25
kepahiang,2024,5,24.8,-3.75,102.75
pagar_alam,2024,6,22.928,-4.25,103.25
lahat,2024,6,27.178,-3.75,103.75
muaradua,2024,6,24.991,-4.75,104.25
liwa,2024,6,24.772,-5.25,104.25
kepahiang,2024,6,24.084,-3.75,102.75
pagar_alam,2024,7,22.748,-4.25,103.25
lahat,2024,7,26.873,-3.75,103.75
muaradua,2024,7,24.436,-4.75,104.25
liwa,2024,7,24.155,-5.25,104.25
kepahiang,2024,7,23.905,-3.75,102.75
pagar_alam,2024,8,23.228,-4.25,103.25
lahat,2024,8,27.259,-3.75,103.75
muaradua,2024,8,24.947,-4.75,104.25
liwa,2024,8,24.666,-5.25,104.25
kepahiang,2024,8,24.009,-3.75,102.75
pagar_alam,2024,9,23.059,-4.25,103.25
lahat,2024,9,27.372,-3.75,103.75
muaradua,2024,9,25.153,-4.75,104.25
liwa,2024,9,24.934,-5.25,104.25
kepahiang,2024,9,24.153,-3.75,102.75
pagar_alam,2024,10,23.098,-4.25,103.25
lahat,2024,10,27.629,-3.75,103.75
muaradua,2024,10,25.536,-4.75,104.25
liwa,2024,10,25.379,-5.25,104.25
kepahiang,2024,10,24.192,-3.75,102.75
pagar_alam,2024,11,23.027,-4.25,103.25
lahat,2024,11,27.245,-3.75,103.75
muaradua,2024,11,24.214,-4.75,104.25
liwa,2024,11,23.777,-5.25,104.25
kepahiang,2024,11,24.62,-3.75,102.75
pagar_alam,2024,12,22.695,-4.25,103.25
lahat,2024,12,27.007,-3.75,103.75
muaradua,2024,12,24.757,-4.75,104.25
liwa,2024,12,24.57,-5.25,104.25
kepahiang,2024,12,23.945,-3.75,102.75
pagar_alam,2025,1,22.104,-4.25,103.25
lahat,2025,1,26.292,-3.75,103.75
muaradua,2025,1,24.104,-4.75,104.25
liwa,2025,1,23.979,-5.25,104.25
kepahiang,2025,1,23.542,-3.75,102.75
pagar_alam,2025,2,22.424,-4.25,103.25
lahat,2025,2,26.705,-3.75,103.75
muaradua,2025,2,24.424,-4.75,104.25
liwa,2025,2,24.299,-5.25,104.25
kepahiang,2025,2,23.799,-3.75,102.75
pagar_alam,2025,3,23.406,-4.25,103.25
lahat,2025,3,27.625,-3.75,103.75
muaradua,2025,3,25.781,-4.75,104.25
liwa,2025,3,25.844,-5.25,104.25
kepahiang,2025,3,24.563,-3.75,102.75
pagar_alam,2025,4,23.422,-4.25,103.25
lahat,2025,4,27.734,-3.75,103.75
muaradua,2025,4,25.828,-4.75,104.25
liwa,2025,4,25.797,-5.25,104.25
kepahiang,2025,4,24.734,-3.75,102.75
pagar_alam,2025,5,23.9,-4.25,103.25
lahat,2025,5,28.275,-3.75,103.75
muaradua,2025,5,26.4,-4.75,104.25
liwa,2025,5,26.368,-5.25,104.25
kepahiang,2025,5,25.212,-3.75,102.75
pagar_alam,2025,6,23.331,-4.25,103.25
lahat,2025,6,27.55,-3.75,103.75
muaradua,2025,6,25.581,-4.75,104.25
liwa,2025,6,25.519,-5.25,104.25
kepahiang,2025,6,24.456,-3.75,102.75
pagar_alam,2025,7,23.394,-4.25,103.25
lahat,2025,7,27.456,-3.75,103.75
muaradua,2025,7,25.425,-4.75,104.25
liwa,2025,7,25.331,-5.25,104.25
kepahiang,2025,7,24.425,-3.75,102.75
pagar_alam,2025,8,23.189,-4.25,103.25
lahat,2025,8,27.158,-3.75,103.75
muaradua,2025,8,25.221,-4.75,104.25
liwa,2025,8,25.189,-5.25,104.25
kepahiang,2025,8,23.939,-3.75,102.75
pagar_alam,2025,9,22.983,-4.25,103.25
lahat,2025,9,27.233,-3.75,103.75
muaradua,2025,9,25.358,-4.75,104.25
liwa,2025,9,25.296,-5.25,104.25
kepahiang,2025,9,24.015,-3.75,102.75
pagar_alam,2025,10,23.461,-4.25,103.25
lahat,2025,10,27.929,-3.75,103.75
muaradua,2025,10,26.117,-4.75,104.25
liwa,2025,10,26.086,-5.25,104.25
kepahiang,2025,10,24.523,-3.75,102.75
pagar_alam,2025,11,23.387,-4.25,103.25
lahat,2025,11,27.731,-3.75,103.75
muaradua,2025,11,25.981,-4.75,104.25
liwa,2025,11,26.012,-5.25,104.25
kepahiang,2025,11,24.387,-3.75,102.75
pagar_alam,2025,12,23.105,-4.25,103.25
lahat,2025,12,27.324,-3.75,103.75
muaradua,2025,12,25.511,-4.75,104.25
liwa,2025,12,25.574,-5.25,104.25
kepahiang,2025,12,24.199,-3.75,102.75
pagar_alam,2026,1,22.847,-4.25,103.25
lahat,2026,1,27.003,-3.75,103.75
muaradua,2026,1,25.097,-4.75,104.25
liwa,2026,1,25.097,-5.25,104.25
kepahiang,2026,1,24.253,-3.75,102.75
pagar_alam,2026,2,22.982,-4.25,103.25
lahat,2026,2,27.232,-3.75,103.75
muaradua,2026,2,25.232,-4.75,104.25
liwa,2026,2,25.232,-5.25,104.25
kepahiang,2026,2,24.294,-3.75,102.75
pagar_alam,2026,3,23.617,-4.25,103.25
lahat,2026,3,27.898,-3.75,103.75
muaradua,2026,3,25.96,-4.75,104.25
liwa,2026,3,25.96,-5.25,104.25
kepahiang,2026,3,24.835,-3.75,102.75
pagar_alam,2026,4,23.833,-4.25,103.25
lahat,2026,4,28.145,-3.75,103.75
muaradua,2026,4,26.208,-4.75,104.25
liwa,2026,4,26.177,-5.25,104.25
kepahiang,2026,4,25.145,-3.75,102.75
pagar_alam,2026,5,23.74,-4.25,103.25
lahat,2026,5,28.146,-3.75,103.75
muaradua,2026,5,26.209,-4.75,104.25
liwa,2026,5,26.178,-5.25,104.25
kepahiang,2026,5,25.084,-3.75,102.75
pagar_alam,2026,6,23.777,-4.25,103.25
lahat,2026,6,27.995,-3.75,103.75
muaradua,2026,6,26.089,-4.75,104.25
liwa,2026,6,26.027,-5.25,104.25
kepahiang,2026,6,24.87,-3.75,102.75
pagar_alam,2026,7,23.551,-4.25,103.25
lahat,2026,7,27.614,-3.75,103.75
muaradua,2026,7,25.614,-4.75,104.25
liwa,2026,7,25.551,-5.25,104.25
kepahiang,2026,7,24.583,-3.75,102.75
pagar_alam,2026,8,24.295,-4.25,103.25
lahat,2026,8,28.264,-3.75,103.75
muaradua,2026,8,26.389,-4.75,104.25
liwa,2026,8,26.357,-5.25,104.25
kepahiang,2026,8,24.951,-3.75,102.75
