Area Code,Area Code (M49),Area,Item Code,Item Code (CPC),Item,Element Code,Element,Year Code,Year,Unit,Value,Flag,Note
238,'231,Ethiopia,656,'01610,"Coffee, green",5312,Area harvested,1993,1993,ha,250000.000000,E,
238,'231,Ethiopia,656,'01610,"Coffee, green",5312,Area harvested,1994,1994,ha,277738.000000,I,
238,'231,Ethiopia,656,'01610,"Coffee, green",5312,Area harvested,1995,1995,ha,307833.000000,I,
238,'231,Ethiopia,656,'01610,"Coffee, green",5312,Area harvested,1996,1996,ha,307021.000000,I,
238,'231,Ethiopia,656,'01610,"Coffee, green",5312,Area harvested,1997,1997,ha,305063.000000,I,
238,'231,Ethiopia,656,'01610,"Coffee, green",5312,Area harvested,1998,1998,ha,302517.000000,I,
238,'231,Ethiopia,656,'01610,"Coffee, green",5312,Area harvested,1999,1999,ha,251310.000000,A,
238,'231,Ethiopia,656,'01610,"Coffee, green",5312,Area harvested,2000,2000,ha,250000.000000,E,
238,'231,Ethiopia,656,'01610,"Coffee, green",5312,Area harvested,2001,2001,ha,243834.000000,A,
238,'231,Ethiopia,656,'01610,"Coffee, green",5312,Area harvested,2002,2002,ha,218000.000000,E,
238,'231,Ethiopia,656,'01610,"Coffee, green",5312,Area harvested,2003,2003,ha,232439.000000,A,
238,'231,Ethiopia,656,'01610,"Coffee, green",5312,Area harvested,2004,2004,ha,260201.000000,A,
238,'231,Ethiopia,656,'01610,"Coffee, green",5312,Area harvested,2005,2005,ha,261175.000000,A,
238,'231,Ethiopia,656,'01610,"Coffee, green",5312,Area harvested,2006,2006,ha,295238.000000,A,
238,'231,Ethiopia,656,'01610,"Coffee, green",5312,Area harvested,2007,2007,ha,407147.000000,A,
238,'231,Ethiopia,656,'01610,"Coffee, green",5312,Area harvested,2008,2008,ha,391296.000000,A,
238,'231,Ethiopia,656,'01610,"Coffee, green",5312,Area harvested,2009,2009,ha,395003.000000,A,
238,'231,Ethiopia,656,'01610,"Coffee, green",5312,Area harvested,2010,2010,ha,498618.000000,A,
238,'231,Ethiopia,656,'01610,"Coffee, green",5312,Area harvested,2011,2011,ha,580440.000000,E,
238,'231,Ethiopia,656,'01610,"Coffee, green",5312,Area harvested,2012,2012,ha,600530.000000,E,
238,'231,Ethiopia,656,'01610,"Coffee, green",5312,Area harvested,2013,2013,ha,538466.000000,A,
238,'231,Ethiopia,656,'01610,"Coffee, green",5312,Area harvested,2014,2014,ha,626820.000000,E,
238,'231,Ethiopia,656,'01610,"Coffee, green",5312,Area harvested,2015,2015,ha,653940.000000,E,
238,'231,Ethiopia,656,'01610,"Coffee, green",5312,Area harvested,2016,2016,ha,761209.000000,A,
238,'231,Ethiopia,656,'01610,"Coffee, green",5312,Area harvested,2017,2017,ha,808022.000000,A,
238,'231,Ethiopia,656,'01610,"Coffee, green",5312,Area harvested,2018,2018,ha,871707.000000,A,
238,'231,Ethiopia,656,'01610,"Coffee, green",5312,Area harvested,2019,2019,ha,871380.000000,E,
238,'231,Ethiopia,656,'01610,"Coffee, green",5312,Area harvested,2020,2020,ha,856592.000000,A,
238,'231,Ethiopia,656,'01610,"Coffee, green",5312,Area harvested,2021,2021,ha,912170.000000,E,
238,'231,Ethiopia,656,'01610,"Coffee, green",5312,Area harvested,2022,2022,ha,794404.000000,A,
238,'231,Ethiopia,656,'01610,"Coffee, green",5312,Area harvested,2023,2023,ha,843635.000000,I,
238,'231,Ethiopia,656,'01610,"Coffee, green",5312,Area harvested,2024,2024,ha,862943.000000,I,
238,'231,Ethiopia,656,'01610,"Coffee, green",5412,Yield,1993,1993,kg/ha,720.000000,E,
238,'231,Ethiopia,656,'01610,"Coffee, green",5412,Yield,1994,1994,kg/ha,745.300000,E,
238,'231,Ethiopia,656,'01610,"Coffee, green",5412,Yield,1995,1995,kg/ha,747.100000,E,
238,'231,Ethiopia,656,'01610,"Coffee, green",5412,Yield,1996,1996,kg/ha,749.100000,E,
238,'231,Ethiopia,656,'01610,"Coffee, green",5412,Yield,1997,1997,kg/ha,747.400000,E,
238,'231,Ethiopia,656,'01610,"Coffee, green",5412,Yield,1998,1998,kg/ha,760.200000,E,
238,'231,Ethiopia,656,'01610,"Coffee, green",5412,Yield,1999,1999,kg/ha,865.300000,A,
238,'231,Ethiopia,656,'01610,"Coffee, green",5412,Yield,2000,2000,kg/ha,919.900000,E,
238,'231,Ethiopia,656,'01610,"Coffee, green",5412,Yield,2001,2001,kg/ha,644.500000,A,
238,'231,Ethiopia,656,'01610,"Coffee, green",5412,Yield,2002,2002,kg/ha,733.900000,E,
238,'231,Ethiopia,656,'01610,"Coffee, green",5412,Yield,2003,2003,kg/ha,542.900000,A,
238,'231,Ethiopia,656,'01610,"Coffee, green",5412,Yield,2004,2004,kg/ha,600.200000,A,
238,'231,Ethiopia,656,'01610,"Coffee, green",5412,Yield,2005,2005,kg/ha,657.100000,A,
238,'231,Ethiopia,656,'01610,"Coffee, green",5412,Yield,2006,2006,kg/ha,817.900000,A,
238,'231,Ethiopia,656,'01610,"Coffee, green",5412,Yield,2007,2007,kg/ha,671.500000,A,
238,'231,Ethiopia,656,'01610,"Coffee, green",5412,Yield,2008,2008,kg/ha,665.100000,A,
238,'231,Ethiopia,656,'01610,"Coffee, green",5412,Yield,2009,2009,kg/ha,672.100000,A,
238,'231,Ethiopia,656,'01610,"Coffee, green",5412,Yield,2010,2010,kg/ha,743.200000,A,
238,'231,Ethiopia,656,'01610,"Coffee, green",5412,Yield,2011,2011,kg/ha,762.000000,E,
238,'231,Ethiopia,656,'01610,"Coffee, green",5412,Yield,2012,2012,kg/ha,748.900000,E,
238,'231,Ethiopia,656,'01610,"Coffee, green",5412,Yield,2013,2013,kg/ha,728.000000,A,
238,'231,Ethiopia,656,'01610,"Coffee, green",5412,Yield,2014,2014,kg/ha,746.400000,E,
238,'231,Ethiopia,656,'01610,"Coffee, green",5412,Yield,2015,2015,kg/ha,766.500000,E,
238,'231,Ethiopia,656,'01610,"Coffee, green",5412,Yield,2016,2016,kg/ha,650.000000,A,
238,'231,Ethiopia,656,'01610,"Coffee, green",5412,Yield,2017,2017,kg/ha,680.100000,A,
238,'231,Ethiopia,656,'01610,"Coffee, green",5412,Yield,2018,2018,kg/ha,658.500000,A,
238,'231,Ethiopia,656,'01610,"Coffee, green",5412,Yield,2019,2019,kg/ha,658.200000,E,
238,'231,Ethiopia,656,'01610,"Coffee, green",5412,Yield,2020,2020,kg/ha,682.700000,A,
238,'231,Ethiopia,656,'01610,"Coffee, green",5412,Yield,2021,2021,kg/ha,647.200000,E,
238,'231,Ethiopia,656,'01610,"Coffee, green",5412,Yield,2022,2022,kg/ha,686.800000,A,
238,'231,Ethiopia,656,'01610,"Coffee, green",5412,Yield,2023,2023,kg/ha,663.100000,E,
238,'231,Ethiopia,656,'01610,"Coffee, green",5412,Yield,2024,2024,kg/ha,667.100000,E,
238,'231,Ethiopia,656,'01610,"Coffee, green",5510,Production,1993,1993,t,180000.000000,X,Unofficial figure
238,'231,Ethiopia,656,'01610,"Coffee, green",5510,Production,1994,1994,t,207000.000000,X,Unofficial figure
238,'231,Ethiopia,656,'01610,"Coffee, green",5510,Production,1995,1995,t,229980.000000,X,Unofficial figure
238,'231,Ethiopia,656,'01610,"Coffee, green",5510,Production,1996,1996,t,229980.000000,X,Unofficial figure
238,'231,Ethiopia,656,'01610,"Coffee, green",5510,Production,1997,1997,t,228000.000000,X,Unofficial figure
238,'231,Ethiopia,656,'01610,"Coffee, green",5510,Production,1998,1998,t,229980.000000,X,Unofficial figure
238,'231,Ethiopia,656,'01610,"Coffee, green",5510,Production,1999,1999,t,217450.000000,A,
238,'231,Ethiopia,656,'01610,"Coffee, green",5510,Production,2000,2000,t,229980.000000,X,Unofficial figure
238,'231,Ethiopia,656,'01610,"Coffee, green",5510,Production,2001,2001,t,157155.000000,A,
238,'231,Ethiopia,656,'01610,"Coffee, green",5510,Production,2002,2002,t,160000.000000,E,
238,'231,Ethiopia,656,'01610,"Coffee, green",5510,Production,2003,2003,t,126188.000000,A,
238,'231,Ethiopia,656,'01610,"Coffee, green",5510,Production,2004,2004,t,156170.000000,A,
238,'231,Ethiopia,656,'01610,"Coffee, green",5510,Production,2005,2005,t,171631.000000,A,
238,'231,Ethiopia,656,'01610,"Coffee, green",5510,Production,2006,2006,t,241482.000000,A,
238,'231,Ethiopia,656,'01610,"Coffee, green",5510,Production,2007,2007,t,273400.000000,A,
238,'231,Ethiopia,656,'01610,"Coffee, green",5510,Production,2008,2008,t,260239.000000,A,
238,'231,Ethiopia,656,'01610,"Coffee, green",5510,Production,2009,2009,t,265469.000000,A,
238,'231,Ethiopia,656,'01610,"Coffee, green",5510,Production,2010,2010,t,370569.000000,A,
238,'231,Ethiopia,656,'01610,"Coffee, green",5510,Production,2011,2011,t,442270.000000,E,
238,'231,Ethiopia,656,'01610,"Coffee, green",5510,Production,2012,2012,t,449740.000000,E,
238,'231,Ethiopia,656,'01610,"Coffee, green",5510,Production,2013,2013,t,392006.000000,A,
238,'231,Ethiopia,656,'01610,"Coffee, green",5510,Production,2014,2014,t,467860.000000,E,
238,'231,Ethiopia,656,'01610,"Coffee, green",5510,Production,2015,2015,t,501240.000000,E,
238,'231,Ethiopia,656,'01610,"Coffee, green",5510,Production,2016,2016,t,494819.000000,A,
238,'231,Ethiopia,656,'01610,"Coffee, green",5510,Production,2017,2017,t,549531.000000,A,
238,'231,Ethiopia,656,'01610,"Coffee, green",5510,Production,2018,2018,t,573986.000000,A,
238,'231,Ethiopia,656,'01610,"Coffee, green",5510,Production,2019,2019,t,573580.000000,E,
238,'231,Ethiopia,656,'01610,"Coffee, green",5510,Production,2020,2020,t,584789.570000,A,
238,'231,Ethiopia,656,'01610,"Coffee, green",5510,Production,2021,2021,t,590400.000000,E,
238,'231,Ethiopia,656,'01610,"Coffee, green",5510,Production,2022,2022,t,545566.360000,A,
238,'231,Ethiopia,656,'01610,"Coffee, green",5510,Production,2023,2023,t,559400.000000,X,Unofficial figure
238,'231,Ethiopia,656,'01610,"Coffee, green",5510,Production,2024,2024,t,575696.180000,I,
101,'360,Indonesia,656,'01610,"Coffee, green",5312,Area harvested,1961,1961,ha,182000.000000,E,
101,'360,Indonesia,656,'01610,"Coffee, green",5312,Area harvested,1962,1962,ha,189000.000000,E,
101,'360,Indonesia,656,'01610,"Coffee, green",5312,Area harvested,1963,1963,ha,246000.000000,E,
101,'360,Indonesia,656,'01610,"Coffee, green",5312,Area harvested,1964,1964,ha,209000.000000,E,
101,'360,Indonesia,656,'01610,"Coffee, green",5312,Area harvested,1965,1965,ha,238000.000000,E,
101,'360,Indonesia,656,'01610,"Coffee, green",5312,Area harvested,1966,1966,ha,250000.000000,E,
101,'360,Indonesia,656,'01610,"Coffee, green",5312,Area harvested,1967,1967,ha,282000.000000,E,
101,'360,Indonesia,656,'01610,"Coffee, green",5312,Area harvested,1968,1968,ha,278000.000000,E,
101,'360,Indonesia,656,'01610,"Coffee, green",5312,Area harvested,1969,1969,ha,267000.000000,E,
101,'360,Indonesia,656,'01610,"Coffee, green",5312,Area harvested,1970,1970,ha,305000.000000,A,
101,'360,Indonesia,656,'01610,"Coffee, green",5312,Area harvested,1971,1971,ha,321000.000000,E,
101,'360,Indonesia,656,'01610,"Coffee, green",5312,Area harvested,1972,1972,ha,319000.000000,E,
101,'360,Indonesia,656,'01610,"Coffee, green",5312,Area harvested,1973,1973,ha,266000.000000,E,
101,'360,Indonesia,656,'01610,"Coffee, green",5312,Area harvested,1974,1974,ha,262000.000000,E,
101,'360,Indonesia,656,'01610,"Coffee, green",5312,Area harvested,1975,1975,ha,309000.000000,A,
101,'360,Indonesia,656,'01610,"Coffee, green",5312,Area harvested,1976,1976,ha,341000.000000,A,
101,'360,Indonesia,656,'01610,"Coffee, green",5312,Area harvested,1977,1977,ha,380327.000000,A,
101,'360,Indonesia,656,'01610,"Coffee, green",5312,Area harvested,1978,1978,ha,391173.000000,A,
101,'360,Indonesia,656,'01610,"Coffee, green",5312,Area harvested,1979,1979,ha,443914.000000,A,
101,'360,Indonesia,656,'01610,"Coffee, green",5312,Area harvested,1980,1980,ha,498013.000000,A,
101,'360,Indonesia,656,'01610,"Coffee, green",5312,Area harvested,1981,1981,ha,527046.000000,A,
101,'360,Indonesia,656,'01610,"Coffee, green",5312,Area harvested,1982,1982,ha,515778.000000,A,
101,'360,Indonesia,656,'01610,"Coffee, green",5312,Area harvested,1983,1983,ha,539000.000000,A,
101,'360,Indonesia,656,'01610,"Coffee, green",5312,Area harvested,1984,1984,ha,539000.000000,A,
101,'360,Indonesia,656,'01610,"Coffee, green",5312,Area harvested,1985,1985,ha,613000.000000,A,
101,'360,Indonesia,656,'01610,"Coffee, green",5312,Area harvested,1986,1986,ha,655182.000000,A,
101,'360,Indonesia,656,'01610,"Coffee, green",5312,Area harvested,1987,1987,ha,652518.000000,A,
101,'360,Indonesia,656,'01610,"Coffee, green",5312,Area harvested,1988,1988,ha,716656.000000,A,
101,'360,Indonesia,656,'01610,"Coffee, green",5312,Area harvested,1989,1989,ha,724063.000000,A,
101,'360,Indonesia,656,'01610,"Coffee, green",5312,Area harvested,1990,1990,ha,746759.000000,A,
101,'360,Indonesia,656,'01610,"Coffee, green",5312,Area harvested,1991,1991,ha,760308.000000,A,
101,'360,Indonesia,656,'01610,"Coffee, green",5312,Area harvested,1992,1992,ha,793000.000000,A,
101,'360,Indonesia,656,'01610,"Coffee, green",5312,Area harvested,1993,1993,ha,810000.000000,A,
101,'360,Indonesia,656,'01610,"Coffee, green",5312,Area harvested,1994,1994,ha,797000.000000,A,
101,'360,Indonesia,656,'01610,"Coffee, green",5312,Area harvested,1995,1995,ha,846078.000000,A,
101,'360,Indonesia,656,'01610,"Coffee, green",5312,Area harvested,1996,1996,ha,836621.000000,A,
101,'360,Indonesia,656,'01610,"Coffee, green",5312,Area harvested,1997,1997,ha,831782.000000,A,
101,'360,Indonesia,656,'01610,"Coffee, green",5312,Area harvested,1998,1998,ha,844172.000000,A,
101,'360,Indonesia,656,'01610,"Coffee, green",5312,Area harvested,1999,1999,ha,900000.000000,X,Unofficial figure
101,'360,Indonesia,656,'01610,"Coffee, green",5312,Area harvested,2000,2000,ha,1260687.000000,A,
101,'360,Indonesia,656,'01610,"Coffee, green",5312,Area harvested,2001,2001,ha,1313383.000000,A,
101,'360,Indonesia,656,'01610,"Coffee, green",5312,Area harvested,2002,2002,ha,1372184.000000,A,
101,'360,Indonesia,656,'01610,"Coffee, green",5312,Area harvested,2003,2003,ha,1381730.000000,A,
101,'360,Indonesia,656,'01610,"Coffee, green",5312,Area harvested,2004,2004,ha,1303943.000000,A,
101,'360,Indonesia,656,'01610,"Coffee, green",5312,Area harvested,2005,2005,ha,1255272.000000,A,
101,'360,Indonesia,656,'01610,"Coffee, green",5312,Area harvested,2006,2006,ha,1308732.000000,A,
101,'360,Indonesia,656,'01610,"Coffee, green",5312,Area harvested,2007,2007,ha,1295912.000000,A,
101,'360,Indonesia,656,'01610,"Coffee, green",5312,Area harvested,2008,2008,ha,1295111.000000,A,
101,'360,Indonesia,656,'01610,"Coffee, green",5312,Area harvested,2009,2009,ha,1266235.000000,A,
101,'360,Indonesia,656,'01610,"Coffee, green",5312,Area harvested,2010,2010,ha,1268476.000000,A,
101,'360,Indonesia,656,'01610,"Coffee, green",5312,Area harvested,2011,2011,ha,1293000.000000,A,
101,'360,Indonesia,656,'01610,"Coffee, green",5312,Area harvested,2012,2012,ha,1233900.000000,A,
101,'360,Indonesia,656,'01610,"Coffee, green",5312,Area harvested,2013,2013,ha,1241700.000000,A,
101,'360,Indonesia,656,'01610,"Coffee, green",5312,Area harvested,2014,2014,ha,1230500.000000,A,
101,'360,Indonesia,656,'01610,"Coffee, green",5312,Area harvested,2015,2015,ha,1230001.000000,A,
101,'360,Indonesia,656,'01610,"Coffee, green",5312,Area harvested,2016,2016,ha,1228512.000000,A,
101,'360,Indonesia,656,'01610,"Coffee, green",5312,Area harvested,2017,2017,ha,1238598.000000,A,
101,'360,Indonesia,656,'01610,"Coffee, green",5312,Area harvested,2018,2018,ha,1252826.000000,A,
101,'360,Indonesia,656,'01610,"Coffee, green",5312,Area harvested,2019,2019,ha,1245359.000000,A,
101,'360,Indonesia,656,'01610,"Coffee, green",5312,Area harvested,2020,2020,ha,1250452.000000,A,
101,'360,Indonesia,656,'01610,"Coffee, green",5312,Area harvested,2021,2021,ha,1279570.000000,A,
101,'360,Indonesia,656,'01610,"Coffee, green",5312,Area harvested,2022,2022,ha,1265961.000000,A,
101,'360,Indonesia,656,'01610,"Coffee, green",5312,Area harvested,2023,2023,ha,1266848.000000,A,
101,'360,Indonesia,656,'01610,"Coffee, green",5312,Area harvested,2024,2024,ha,1269354.000000,A,
101,'360,Indonesia,656,'01610,"Coffee, green",5412,Yield,1961,1961,kg/ha,566.500000,E,
101,'360,Indonesia,656,'01610,"Coffee, green",5412,Yield,1962,1962,kg/ha,564.600000,E,
101,'360,Indonesia,656,'01610,"Coffee, green",5412,Yield,1963,1963,kg/ha,567.500000,E,
101,'360,Indonesia,656,'01610,"Coffee, green",5412,Yield,1964,1964,kg/ha,565.600000,E,
101,'360,Indonesia,656,'01610,"Coffee, green",5412,Yield,1965,1965,kg/ha,565.100000,E,
101,'360,Indonesia,656,'01610,"Coffee, green",5412,Yield,1966,1966,kg/ha,568.800000,E,
101,'360,Indonesia,656,'01610,"Coffee, green",5412,Yield,1967,1967,kg/ha,544.200000,E,
101,'360,Indonesia,656,'01610,"Coffee, green",5412,Yield,1968,1968,kg/ha,566.000000,E,
101,'360,Indonesia,656,'01610,"Coffee, green",5412,Yield,1969,1969,kg/ha,650.200000,E,
101,'360,Indonesia,656,'01610,"Coffee, green",5412,Yield,1970,1970,kg/ha,606.900000,A,
101,'360,Indonesia,656,'01610,"Coffee, green",5412,Yield,1971,1971,kg/ha,563.600000,E,
101,'360,Indonesia,656,'01610,"Coffee, green",5412,Yield,1972,1972,kg/ha,560.300000,E,
101,'360,Indonesia,656,'01610,"Coffee, green",5412,Yield,1973,1973,kg/ha,564.500000,E,
101,'360,Indonesia,656,'01610,"Coffee, green",5412,Yield,1974,1974,kg/ha,571.800000,E,
101,'360,Indonesia,656,'01610,"Coffee, green",5412,Yield,1975,1975,kg/ha,551.400000,A,
101,'360,Indonesia,656,'01610,"Coffee, green",5412,Yield,1976,1976,kg/ha,567.100000,A,
101,'360,Indonesia,656,'01610,"Coffee, green",5412,Yield,1977,1977,kg/ha,510.000000,A,
101,'360,Indonesia,656,'01610,"Coffee, green",5412,Yield,1978,1978,kg/ha,569.300000,A,
101,'360,Indonesia,656,'01610,"Coffee, green",5412,Yield,1979,1979,kg/ha,616.500000,A,
101,'360,Indonesia,656,'01610,"Coffee, green",5412,Yield,1980,1980,kg/ha,592.300000,A,
101,'360,Indonesia,656,'01610,"Coffee, green",5412,Yield,1981,1981,kg/ha,597.500000,A,
101,'360,Indonesia,656,'01610,"Coffee, green",5412,Yield,1982,1982,kg/ha,545.300000,A,
101,'360,Indonesia,656,'01610,"Coffee, green",5412,Yield,1983,1983,kg/ha,567.100000,A,
101,'360,Indonesia,656,'01610,"Coffee, green",5412,Yield,1984,1984,kg/ha,585.300000,A,
101,'360,Indonesia,656,'01610,"Coffee, green",5412,Yield,1985,1985,kg/ha,508.000000,A,
101,'360,Indonesia,656,'01610,"Coffee, green",5412,Yield,1986,1986,kg/ha,544.600000,A,
101,'360,Indonesia,656,'01610,"Coffee, green",5412,Yield,1987,1987,kg/ha,595.600000,A,
101,'360,Indonesia,656,'01610,"Coffee, green",5412,Yield,1988,1988,kg/ha,545.700000,A,
101,'360,Indonesia,656,'01610,"Coffee, green",5412,Yield,1989,1989,kg/ha,553.900000,A,
101,'360,Indonesia,656,'01610,"Coffee, green",5412,Yield,1990,1990,kg/ha,552.700000,A,
101,'360,Indonesia,656,'01610,"Coffee, green",5412,Yield,1991,1991,kg/ha,563.300000,A,
101,'360,Indonesia,656,'01610,"Coffee, green",5412,Yield,1992,1992,kg/ha,551.000000,A,
101,'360,Indonesia,656,'01610,"Coffee, green",5412,Yield,1993,1993,kg/ha,541.800000,A,
101,'360,Indonesia,656,'01610,"Coffee, green",5412,Yield,1994,1994,kg/ha,564.900000,A,
101,'360,Indonesia,656,'01610,"Coffee, green",5412,Yield,1995,1995,kg/ha,541.100000,A,
101,'360,Indonesia,656,'01610,"Coffee, green",5412,Yield,1996,1996,kg/ha,504.100000,A,
101,'360,Indonesia,656,'01610,"Coffee, green",5412,Yield,1997,1997,kg/ha,513.100000,A,
101,'360,Indonesia,656,'01610,"Coffee, green",5412,Yield,1998,1998,kg/ha,606.700000,A,
101,'360,Indonesia,656,'01610,"Coffee, green",5412,Yield,1999,1999,kg/ha,583.000000,E,
101,'360,Indonesia,656,'01610,"Coffee, green",5412,Yield,2000,2000,kg/ha,439.900000,A,
101,'360,Indonesia,656,'01610,"Coffee, green",5412,Yield,2001,2001,kg/ha,433.400000,A,
101,'360,Indonesia,656,'01610,"Coffee, green",5412,Yield,2002,2002,kg/ha,497.000000,A,
101,'360,Indonesia,656,'01610,"Coffee, green",5412,Yield,2003,2003,kg/ha,480.200000,A,
101,'360,Indonesia,656,'01610,"Coffee, green",5412,Yield,2004,2004,kg/ha,496.500000,A,
101,'360,Indonesia,656,'01610,"Coffee, green",5412,Yield,2005,2005,kg/ha,510.100000,A,
101,'360,Indonesia,656,'01610,"Coffee, green",5412,Yield,2006,2006,kg/ha,521.200000,A,
101,'360,Indonesia,656,'01610,"Coffee, green",5412,Yield,2007,2007,kg/ha,522.000000,A,
101,'360,Indonesia,656,'01610,"Coffee, green",5412,Yield,2008,2008,kg/ha,539.000000,A,
101,'360,Indonesia,656,'01610,"Coffee, green",5412,Yield,2009,2009,kg/ha,539.100000,A,
101,'360,Indonesia,656,'01610,"Coffee, green",5412,Yield,2010,2010,kg/ha,539.300000,A,
101,'360,Indonesia,656,'01610,"Coffee, green",5412,Yield,2011,2011,kg/ha,493.900000,A,
101,'360,Indonesia,656,'01610,"Coffee, green",5412,Yield,2012,2012,kg/ha,560.100000,A,
101,'360,Indonesia,656,'01610,"Coffee, green",5412,Yield,2013,2013,kg/ha,544.300000,A,
101,'360,Indonesia,656,'01610,"Coffee, green",5412,Yield,2014,2014,kg/ha,523.300000,A,
101,'360,Indonesia,656,'01610,"Coffee, green",5412,Yield,2015,2015,kg/ha,519.800000,A,
101,'360,Indonesia,656,'01610,"Coffee, green",5412,Yield,2016,2016,kg/ha,520.400000,A,
101,'360,Indonesia,656,'01610,"Coffee, green",5412,Yield,2017,2017,kg/ha,579.700000,A,
101,'360,Indonesia,656,'01610,"Coffee, green",5412,Yield,2018,2018,kg/ha,603.500000,A,
101,'360,Indonesia,656,'01610,"Coffee, green",5412,Yield,2019,2019,kg/ha,604.300000,A,
101,'360,Indonesia,656,'01610,"Coffee, green",5412,Yield,2020,2020,kg/ha,609.700000,A,
101,'360,Indonesia,656,'01610,"Coffee, green",5412,Yield,2021,2021,kg/ha,614.400000,A,
101,'360,Indonesia,656,'01610,"Coffee, green",5412,Yield,2022,2022,kg/ha,612.200000,A,
101,'360,Indonesia,656,'01610,"Coffee, green",5412,Yield,2023,2023,kg/ha,598.900000,A,
101,'360,Indonesia,656,'01610,"Coffee, green",5412,Yield,2024,2024,kg/ha,636.200000,A,
101,'360,Indonesia,656,'01610,"Coffee, green",5510,Production,1961,1961,t,103100.000000,A,
101,'360,Indonesia,656,'01610,"Coffee, green",5510,Production,1962,1962,t,106700.000000,A,
101,'360,Indonesia,656,'01610,"Coffee, green",5510,Production,1963,1963,t,139600.000000,A,
101,'360,Indonesia,656,'01610,"Coffee, green",5510,Production,1964,1964,t,118200.000000,A,
101,'360,Indonesia,656,'01610,"Coffee, green",5510,Production,1965,1965,t,134500.000000,A,
101,'360,Indonesia,656,'01610,"Coffee, green",5510,Production,1966,1966,t,142200.000000,A,
101,'360,Indonesia,656,'01610,"Coffee, green",5510,Production,1967,1967,t,153478.000000,A,
101,'360,Indonesia,656,'01610,"Coffee, green",5510,Production,1968,1968,t,157347.000000,A,
101,'360,Indonesia,656,'01610,"Coffee, green",5510,Production,1969,1969,t,173613.000000,A,
101,'360,Indonesia,656,'01610,"Coffee, green",5510,Production,1970,1970,t,185091.000000,A,
101,'360,Indonesia,656,'01610,"Coffee, green",5510,Production,1971,1971,t,180916.000000,A,
101,'360,Indonesia,656,'01610,"Coffee, green",5510,Production,1972,1972,t,178735.000000,A,
101,'360,Indonesia,656,'01610,"Coffee, green",5510,Production,1973,1973,t,150163.000000,A,
101,'360,Indonesia,656,'01610,"Coffee, green",5510,Production,1974,1974,t,149811.000000,A,
101,'360,Indonesia,656,'01610,"Coffee, green",5510,Production,1975,1975,t,170372.000000,A,
101,'360,Indonesia,656,'01610,"Coffee, green",5510,Production,1976,1976,t,193377.000000,A,
101,'360,Indonesia,656,'01610,"Coffee, green",5510,Production,1977,1977,t,193966.000000,A,
101,'360,Indonesia,656,'01610,"Coffee, green",5510,Production,1978,1978,t,222690.000000,A,
101,'360,Indonesia,656,'01610,"Coffee, green",5510,Production,1979,1979,t,273675.000000,A,
101,'360,Indonesia,656,'01610,"Coffee, green",5510,Production,1980,1980,t,294973.000000,A,
101,'360,Indonesia,656,'01610,"Coffee, green",5510,Production,1981,1981,t,314899.000000,A,
101,'360,Indonesia,656,'01610,"Coffee, green",5510,Production,1982,1982,t,281251.000000,A,
101,'360,Indonesia,656,'01610,"Coffee, green",5510,Production,1983,1983,t,305648.000000,A,
101,'360,Indonesia,656,'01610,"Coffee, green",5510,Production,1984,1984,t,315489.000000,A,
101,'360,Indonesia,656,'01610,"Coffee, green",5510,Production,1985,1985,t,311398.000000,A,
101,'360,Indonesia,656,'01610,"Coffee, green",5510,Production,1986,1986,t,356822.000000,A,
101,'360,Indonesia,656,'01610,"Coffee, green",5510,Production,1987,1987,t,388669.000000,A,
101,'360,Indonesia,656,'01610,"Coffee, green",5510,Production,1988,1988,t,391095.000000,A,
101,'360,Indonesia,656,'01610,"Coffee, green",5510,Production,1989,1989,t,401048.000000,A,
101,'360,Indonesia,656,'01610,"Coffee, green",5510,Production,1990,1990,t,412767.000000,A,
101,'360,Indonesia,656,'01610,"Coffee, green",5510,Production,1991,1991,t,428305.000000,A,
101,'360,Indonesia,656,'01610,"Coffee, green",5510,Production,1992,1992,t,436930.000000,A,
101,'360,Indonesia,656,'01610,"Coffee, green",5510,Production,1993,1993,t,438868.000000,A,
101,'360,Indonesia,656,'01610,"Coffee, green",5510,Production,1994,1994,t,450191.000000,A,
101,'360,Indonesia,656,'01610,"Coffee, green",5510,Production,1995,1995,t,457801.000000,A,
101,'360,Indonesia,656,'01610,"Coffee, green",5510,Production,1996,1996,t,421751.000000,A,
101,'360,Indonesia,656,'01610,"Coffee, green",5510,Production,1997,1997,t,426800.000000,A,
101,'360,Indonesia,656,'01610,"Coffee, green",5510,Production,1998,1998,t,512165.000000,A,
101,'360,Indonesia,656,'01610,"Coffee, green",5510,Production,1999,1999,t,524687.000000,A,
101,'360,Indonesia,656,'01610,"Coffee, green",5510,Production,2000,2000,t,554574.000000,A,
101,'360,Indonesia,656,'01610,"Coffee, green",5510,Production,2001,2001,t,569234.000000,A,
101,'360,Indonesia,656,'01610,"Coffee, green",5510,Production,2002,2002,t,682019.000000,A,
101,'360,Indonesia,656,'01610,"Coffee, green",5510,Production,2003,2003,t,663571.000000,A,
101,'360,Indonesia,656,'01610,"Coffee, green",5510,Production,2004,2004,t,647385.000000,A,
101,'360,Indonesia,656,'01610,"Coffee, green",5510,Production,2005,2005,t,640365.000000,A,
101,'360,Indonesia,656,'01610,"Coffee, green",5510,Production,2006,2006,t,682158.000000,A,
101,'360,Indonesia,656,'01610,"Coffee, green",5510,Production,2007,2007,t,676475.000000,A,
101,'360,Indonesia,656,'01610,"Coffee, green",5510,Production,2008,2008,t,698016.000000,A,
101,'360,Indonesia,656,'01610,"Coffee, green",5510,Production,2009,2009,t,682591.000000,A,
101,'360,Indonesia,656,'01610,"Coffee, green",5510,Production,2010,2010,t,684076.000000,A,
101,'360,Indonesia,656,'01610,"Coffee, green",5510,Production,2011,2011,t,638600.000000,A,
101,'360,Indonesia,656,'01610,"Coffee, green",5510,Production,2012,2012,t,691163.000000,A,
101,'360,Indonesia,656,'01610,"Coffee, green",5510,Production,2013,2013,t,675800.000000,A,
101,'360,Indonesia,656,'01610,"Coffee, green",5510,Production,2014,2014,t,643900.000000,A,
101,'360,Indonesia,656,'01610,"Coffee, green",5510,Production,2015,2015,t,639412.000000,A,
101,'360,Indonesia,656,'01610,"Coffee, green",5510,Production,2016,2016,t,639305.000000,A,
101,'360,Indonesia,656,'01610,"Coffee, green",5510,Production,2017,2017,t,717962.000000,A,
101,'360,Indonesia,656,'01610,"Coffee, green",5510,Production,2018,2018,t,756051.000000,A,
101,'360,Indonesia,656,'01610,"Coffee, green",5510,Production,2019,2019,t,752512.000000,A,
101,'360,Indonesia,656,'01610,"Coffee, green",5510,Production,2020,2020,t,762380.000000,A,
101,'360,Indonesia,656,'01610,"Coffee, green",5510,Production,2021,2021,t,786191.000000,A,
101,'360,Indonesia,656,'01610,"Coffee, green",5510,Production,2022,2022,t,774960.530000,A,
101,'360,Indonesia,656,'01610,"Coffee, green",5510,Production,2023,2023,t,758725.000000,A,
101,'360,Indonesia,656,'01610,"Coffee, green",5510,Production,2024,2024,t,807578.000000,A,
138,'484,Mexico,656,'01610,"Coffee, green",5312,Area harvested,1961,1961,ha,307320.000000,A,
138,'484,Mexico,656,'01610,"Coffee, green",5312,Area harvested,1962,1962,ha,314446.000000,A,
138,'484,Mexico,656,'01610,"Coffee, green",5312,Area harvested,1963,1963,ha,322819.000000,A,
138,'484,Mexico,656,'01610,"Coffee, green",5312,Area harvested,1964,1964,ha,349454.000000,A,
138,'484,Mexico,656,'01610,"Coffee, green",5312,Area harvested,1965,1965,ha,350059.000000,A,
138,'484,Mexico,656,'01610,"Coffee, green",5312,Area harvested,1966,1966,ha,353978.000000,A,
138,'484,Mexico,656,'01610,"Coffee, green",5312,Area harvested,1967,1967,ha,387655.000000,A,
138,'484,Mexico,656,'01610,"Coffee, green",5312,Area harvested,1968,1968,ha,383518.000000,A,
138,'484,Mexico,656,'01610,"Coffee, green",5312,Area harvested,1969,1969,ha,307984.000000,A,
138,'484,Mexico,656,'01610,"Coffee, green",5312,Area harvested,1970,1970,ha,328573.000000,A,
138,'484,Mexico,656,'01610,"Coffee, green",5312,Area harvested,1971,1971,ha,380597.000000,A,
138,'484,Mexico,656,'01610,"Coffee, green",5312,Area harvested,1972,1972,ha,373914.000000,A,
138,'484,Mexico,656,'01610,"Coffee, green",5312,Area harvested,1973,1973,ha,378563.000000,A,
138,'484,Mexico,656,'01610,"Coffee, green",5312,Area harvested,1974,1974,ha,373446.000000,A,
138,'484,Mexico,656,'01610,"Coffee, green",5312,Area harvested,1975,1975,ha,373554.000000,A,
138,'484,Mexico,656,'01610,"Coffee, green",5312,Area harvested,1976,1976,ha,370278.000000,A,
138,'484,Mexico,656,'01610,"Coffee, green",5312,Area harvested,1977,1977,ha,389428.000000,A,
138,'484,Mexico,656,'01610,"Coffee, green",5312,Area harvested,1978,1978,ha,393431.000000,A,
138,'484,Mexico,656,'01610,"Coffee, green",5312,Area harvested,1979,1979,ha,403866.000000,A,
138,'484,Mexico,656,'01610,"Coffee, green",5312,Area harvested,1980,1980,ha,475595.000000,A,
138,'484,Mexico,656,'01610,"Coffee, green",5312,Area harvested,1981,1981,ha,497182.000000,A,
138,'484,Mexico,656,'01610,"Coffee, green",5312,Area harvested,1982,1982,ha,528237.000000,A,
138,'484,Mexico,656,'01610,"Coffee, green",5312,Area harvested,1983,1983,ha,556469.000000,A,
138,'484,Mexico,656,'01610,"Coffee, green",5312,Area harvested,1984,1984,ha,515557.000000,A,
138,'484,Mexico,656,'01610,"Coffee, green",5312,Area harvested,1985,1985,ha,510848.000000,A,
138,'484,Mexico,656,'01610,"Coffee, green",5312,Area harvested,1986,1986,ha,638998.000000,A,
138,'484,Mexico,656,'01610,"Coffee, green",5312,Area harvested,1987,1987,ha,629553.000000,A,
138,'484,Mexico,656,'01610,"Coffee, green",5312,Area harvested,1988,1988,ha,698462.000000,A,
138,'484,Mexico,656,'01610,"Coffee, green",5312,Area harvested,1989,1989,ha,678075.000000,A,
138,'484,Mexico,656,'01610,"Coffee, green",5312,Area harvested,1990,1990,ha,587235.000000,A,
138,'484,Mexico,656,'01610,"Coffee, green",5312,Area harvested,1991,1991,ha,643264.000000,A,
138,'484,Mexico,656,'01610,"Coffee, green",5312,Area harvested,1992,1992,ha,686222.000000,A,
138,'484,Mexico,656,'01610,"Coffee, green",5312,Area harvested,1993,1993,ha,697839.000000,A,
138,'484,Mexico,656,'01610,"Coffee, green",5312,Area harvested,1994,1994,ha,741311.000000,A,
138,'484,Mexico,656,'01610,"Coffee, green",5312,Area harvested,1995,1995,ha,724974.000000,A,
138,'484,Mexico,656,'01610,"Coffee, green",5312,Area harvested,1996,1996,ha,745386.000000,A,
138,'484,Mexico,656,'01610,"Coffee, green",5312,Area harvested,1997,1997,ha,690246.000000,A,
138,'484,Mexico,656,'01610,"Coffee, green",5312,Area harvested,1998,1998,ha,679156.000000,A,
138,'484,Mexico,656,'01610,"Coffee, green",5312,Area harvested,1999,1999,ha,722818.000000,A,
138,'484,Mexico,656,'01610,"Coffee, green",5312,Area harvested,2000,2000,ha,701326.000000,A,
138,'484,Mexico,656,'01610,"Coffee, green",5312,Area harvested,2001,2001,ha,747416.000000,A,
138,'484,Mexico,656,'01610,"Coffee, green",5312,Area harvested,2002,2002,ha,724558.000000,A,
138,'484,Mexico,656,'01610,"Coffee, green",5312,Area harvested,2003,2003,ha,742837.000000,A,
138,'484,Mexico,656,'01610,"Coffee, green",5312,Area harvested,2004,2004,ha,760581.000000,A,
138,'484,Mexico,656,'01610,"Coffee, green",5312,Area harvested,2005,2005,ha,762261.000000,A,
138,'484,Mexico,656,'01610,"Coffee, green",5312,Area harvested,2006,2006,ha,763418.000000,A,
138,'484,Mexico,656,'01610,"Coffee, green",5312,Area harvested,2007,2007,ha,772036.000000,A,
138,'484,Mexico,656,'01610,"Coffee, green",5312,Area harvested,2008,2008,ha,766984.000000,A,
138,'484,Mexico,656,'01610,"Coffee, green",5312,Area harvested,2009,2009,ha,765697.000000,A,
138,'484,Mexico,656,'01610,"Coffee, green",5312,Area harvested,2010,2010,ha,741410.000000,A,
138,'484,Mexico,656,'01610,"Coffee, green",5312,Area harvested,2011,2011,ha,688208.000000,A,
138,'484,Mexico,656,'01610,"Coffee, green",5312,Area harvested,2012,2012,ha,695350.000000,A,
138,'484,Mexico,656,'01610,"Coffee, green",5312,Area harvested,2013,2013,ha,700117.000000,A,
138,'484,Mexico,656,'01610,"Coffee, green",5312,Area harvested,2014,2014,ha,699307.000000,A,
138,'484,Mexico,656,'01610,"Coffee, green",5312,Area harvested,2015,2015,ha,664885.000000,A,
138,'484,Mexico,656,'01610,"Coffee, green",5312,Area harvested,2016,2016,ha,645638.000000,A,
138,'484,Mexico,656,'01610,"Coffee, green",5312,Area harvested,2017,2017,ha,638603.000000,A,
138,'484,Mexico,656,'01610,"Coffee, green",5312,Area harvested,2018,2018,ha,629799.000000,A,
138,'484,Mexico,656,'01610,"Coffee, green",5312,Area harvested,2019,2019,ha,629300.000000,A,
138,'484,Mexico,656,'01610,"Coffee, green",5312,Area harvested,2020,2020,ha,636004.000000,A,
138,'484,Mexico,656,'01610,"Coffee, green",5312,Area harvested,2021,2021,ha,641799.000000,A,
138,'484,Mexico,656,'01610,"Coffee, green",5312,Area harvested,2022,2022,ha,648487.000000,A,
138,'484,Mexico,656,'01610,"Coffee, green",5312,Area harvested,2023,2023,ha,654693.000000,A,
138,'484,Mexico,656,'01610,"Coffee, green",5312,Area harvested,2024,2024,ha,659699.000000,A,
138,'484,Mexico,656,'01610,"Coffee, green",5412,Yield,1961,1961,kg/ha,412.000000,A,
138,'484,Mexico,656,'01610,"Coffee, green",5412,Yield,1962,1962,kg/ha,444.600000,A,
138,'484,Mexico,656,'01610,"Coffee, green",5412,Yield,1963,1963,kg/ha,424.600000,A,
138,'484,Mexico,656,'01610,"Coffee, green",5412,Yield,1964,1964,kg/ha,447.800000,A,
138,'484,Mexico,656,'01610,"Coffee, green",5412,Yield,1965,1965,kg/ha,463.200000,A,
138,'484,Mexico,656,'01610,"Coffee, green",5412,Yield,1966,1966,kg/ha,517.000000,A,
138,'484,Mexico,656,'01610,"Coffee, green",5412,Yield,1967,1967,kg/ha,579.100000,A,
138,'484,Mexico,656,'01610,"Coffee, green",5412,Yield,1968,1968,kg/ha,554.500000,A,
138,'484,Mexico,656,'01610,"Coffee, green",5412,Yield,1969,1969,kg/ha,560.900000,A,
138,'484,Mexico,656,'01610,"Coffee, green",5412,Yield,1970,1970,kg/ha,563.900000,A,
138,'484,Mexico,656,'01610,"Coffee, green",5412,Yield,1971,1971,kg/ha,492.600000,A,
138,'484,Mexico,656,'01610,"Coffee, green",5412,Yield,1972,1972,kg/ha,544.100000,A,
138,'484,Mexico,656,'01610,"Coffee, green",5412,Yield,1973,1973,kg/ha,585.700000,A,
138,'484,Mexico,656,'01610,"Coffee, green",5412,Yield,1974,1974,kg/ha,591.200000,A,
138,'484,Mexico,656,'01610,"Coffee, green",5412,Yield,1975,1975,kg/ha,611.100000,A,
138,'484,Mexico,656,'01610,"Coffee, green",5412,Yield,1976,1976,kg/ha,573.100000,A,
138,'484,Mexico,656,'01610,"Coffee, green",5412,Yield,1977,1977,kg/ha,467.400000,A,
138,'484,Mexico,656,'01610,"Coffee, green",5412,Yield,1978,1978,kg/ha,614.100000,A,
138,'484,Mexico,656,'01610,"Coffee, green",5412,Yield,1979,1979,kg/ha,545.200000,A,
138,'484,Mexico,656,'01610,"Coffee, green",5412,Yield,1980,1980,kg/ha,462.700000,A,
138,'484,Mexico,656,'01610,"Coffee, green",5412,Yield,1981,1981,kg/ha,528.800000,A,
138,'484,Mexico,656,'01610,"Coffee, green",5412,Yield,1982,1982,kg/ha,476.600000,A,
138,'484,Mexico,656,'01610,"Coffee, green",5412,Yield,1983,1983,kg/ha,553.400000,A,
138,'484,Mexico,656,'01610,"Coffee, green",5412,Yield,1984,1984,kg/ha,465.300000,A,
138,'484,Mexico,656,'01610,"Coffee, green",5412,Yield,1985,1985,kg/ha,509.300000,A,
138,'484,Mexico,656,'01610,"Coffee, green",5412,Yield,1986,1986,kg/ha,586.600000,A,
138,'484,Mexico,656,'01610,"Coffee, green",5412,Yield,1987,1987,kg/ha,534.000000,E,
138,'484,Mexico,656,'01610,"Coffee, green",5412,Yield,1988,1988,kg/ha,605.600000,A,
138,'484,Mexico,656,'01610,"Coffee, green",5412,Yield,1989,1989,kg/ha,506.500000,A,
138,'484,Mexico,656,'01610,"Coffee, green",5412,Yield,1990,1990,kg/ha,749.300000,A,
138,'484,Mexico,656,'01610,"Coffee, green",5412,Yield,1991,1991,kg/ha,519.700000,A,
138,'484,Mexico,656,'01610,"Coffee, green",5412,Yield,1992,1992,kg/ha,524.100000,A,
138,'484,Mexico,656,'01610,"Coffee, green",5412,Yield,1993,1993,kg/ha,481.000000,A,
138,'484,Mexico,656,'01610,"Coffee, green",5412,Yield,1994,1994,kg/ha,437.700000,A,
138,'484,Mexico,656,'01610,"Coffee, green",5412,Yield,1995,1995,kg/ha,447.600000,A,
138,'484,Mexico,656,'01610,"Coffee, green",5412,Yield,1996,1996,kg/ha,502.000000,A,
138,'484,Mexico,656,'01610,"Coffee, green",5412,Yield,1997,1997,kg/ha,533.600000,A,
138,'484,Mexico,656,'01610,"Coffee, green",5412,Yield,1998,1998,kg/ha,408.400000,A,
138,'484,Mexico,656,'01610,"Coffee, green",5412,Yield,1999,1999,kg/ha,418.000000,A,
138,'484,Mexico,656,'01610,"Coffee, green",5412,Yield,2000,2000,kg/ha,482.200000,A,
138,'484,Mexico,656,'01610,"Coffee, green",5412,Yield,2001,2001,kg/ha,405.400000,A,
138,'484,Mexico,656,'01610,"Coffee, green",5412,Yield,2002,2002,kg/ha,432.000000,A,
138,'484,Mexico,656,'01610,"Coffee, green",5412,Yield,2003,2003,kg/ha,418.500000,A,
138,'484,Mexico,656,'01610,"Coffee, green",5412,Yield,2004,2004,kg/ha,410.800000,A,
138,'484,Mexico,656,'01610,"Coffee, green",5412,Yield,2005,2005,kg/ha,386.200000,A,
138,'484,Mexico,656,'01610,"Coffee, green",5412,Yield,2006,2006,kg/ha,366.300000,A,
138,'484,Mexico,656,'01610,"Coffee, green",5412,Yield,2007,2007,kg/ha,347.900000,A,
138,'484,Mexico,656,'01610,"Coffee, green",5412,Yield,2008,2008,kg/ha,339.600000,A,
138,'484,Mexico,656,'01610,"Coffee, green",5412,Yield,2009,2009,kg/ha,345.400000,A,
138,'484,Mexico,656,'01610,"Coffee, green",5412,Yield,2010,2010,kg/ha,330.800000,A,
138,'484,Mexico,656,'01610,"Coffee, green",5412,Yield,2011,2011,kg/ha,344.500000,A,
138,'484,Mexico,656,'01610,"Coffee, green",5412,Yield,2012,2012,kg/ha,354.000000,A,
138,'484,Mexico,656,'01610,"Coffee, green",5412,Yield,2013,2013,kg/ha,330.800000,A,
138,'484,Mexico,656,'01610,"Coffee, green",5412,Yield,2014,2014,kg/ha,307.000000,A,
138,'484,Mexico,656,'01610,"Coffee, green",5412,Yield,2015,2015,kg/ha,284.200000,A,
138,'484,Mexico,656,'01610,"Coffee, green",5412,Yield,2016,2016,kg/ha,235.000000,A,
138,'484,Mexico,656,'01610,"Coffee, green",5412,Yield,2017,2017,kg/ha,240.800000,A,
138,'484,Mexico,656,'01610,"Coffee, green",5412,Yield,2018,2018,kg/ha,251.400000,A,
138,'484,Mexico,656,'01610,"Coffee, green",5412,Yield,2019,2019,kg/ha,263.300000,A,
138,'484,Mexico,656,'01610,"Coffee, green",5412,Yield,2020,2020,kg/ha,276.000000,A,
138,'484,Mexico,656,'01610,"Coffee, green",5412,Yield,2021,2021,kg/ha,271.600000,A,
138,'484,Mexico,656,'01610,"Coffee, green",5412,Yield,2022,2022,kg/ha,291.000000,E,
138,'484,Mexico,656,'01610,"Coffee, green",5412,Yield,2023,2023,kg/ha,297.800000,E,
138,'484,Mexico,656,'01610,"Coffee, green",5412,Yield,2024,2024,kg/ha,294.800000,E,
138,'484,Mexico,656,'01610,"Coffee, green",5510,Production,1961,1961,t,126616.000000,A,
138,'484,Mexico,656,'01610,"Coffee, green",5510,Production,1962,1962,t,139794.000000,A,
138,'484,Mexico,656,'01610,"Coffee, green",5510,Production,1963,1963,t,137069.000000,A,
138,'484,Mexico,656,'01610,"Coffee, green",5510,Production,1964,1964,t,156477.000000,A,
138,'484,Mexico,656,'01610,"Coffee, green",5510,Production,1965,1965,t,162149.000000,A,
138,'484,Mexico,656,'01610,"Coffee, green",5510,Production,1966,1966,t,183005.000000,A,
138,'484,Mexico,656,'01610,"Coffee, green",5510,Production,1967,1967,t,224505.000000,A,
138,'484,Mexico,656,'01610,"Coffee, green",5510,Production,1968,1968,t,212656.000000,A,
138,'484,Mexico,656,'01610,"Coffee, green",5510,Production,1969,1969,t,172734.000000,A,
138,'484,Mexico,656,'01610,"Coffee, green",5510,Production,1970,1970,t,185293.000000,A,
138,'484,Mexico,656,'01610,"Coffee, green",5510,Production,1971,1971,t,187495.000000,A,
138,'484,Mexico,656,'01610,"Coffee, green",5510,Production,1972,1972,t,203462.000000,A,
138,'484,Mexico,656,'01610,"Coffee, green",5510,Production,1973,1973,t,221718.000000,A,
138,'484,Mexico,656,'01610,"Coffee, green",5510,Production,1974,1974,t,220767.000000,A,
138,'484,Mexico,656,'01610,"Coffee, green",5510,Production,1975,1975,t,228264.000000,A,
138,'484,Mexico,656,'01610,"Coffee, green",5510,Production,1976,1976,t,212200.000000,A,
138,'484,Mexico,656,'01610,"Coffee, green",5510,Production,1977,1977,t,182010.000000,A,
138,'484,Mexico,656,'01610,"Coffee, green",5510,Production,1978,1978,t,241602.000000,A,
138,'484,Mexico,656,'01610,"Coffee, green",5510,Production,1979,1979,t,220191.000000,A,
138,'484,Mexico,656,'01610,"Coffee, green",5510,Production,1980,1980,t,220040.000000,A,
138,'484,Mexico,656,'01610,"Coffee, green",5510,Production,1981,1981,t,262904.000000,A,
138,'484,Mexico,656,'01610,"Coffee, green",5510,Production,1982,1982,t,251768.000000,A,
138,'484,Mexico,656,'01610,"Coffee, green",5510,Production,1983,1983,t,307948.000000,A,
138,'484,Mexico,656,'01610,"Coffee, green",5510,Production,1984,1984,t,239870.000000,A,
138,'484,Mexico,656,'01610,"Coffee, green",5510,Production,1985,1985,t,260197.000000,A,
138,'484,Mexico,656,'01610,"Coffee, green",5510,Production,1986,1986,t,374828.000000,A,
138,'484,Mexico,656,'01610,"Coffee, green",5510,Production,1987,1987,t,336180.000000,X,Unofficial figure
138,'484,Mexico,656,'01610,"Coffee, green",5510,Production,1988,1988,t,423000.000000,A,
138,'484,Mexico,656,'01610,"Coffee, green",5510,Production,1989,1989,t,343440.000000,A,
138,'484,Mexico,656,'01610,"Coffee, green",5510,Production,1990,1990,t,440000.000000,A,
138,'484,Mexico,656,'01610,"Coffee, green",5510,Production,1991,1991,t,334330.000000,A,
138,'484,Mexico,656,'01610,"Coffee, green",5510,Production,1992,1992,t,359665.000000,A,
138,'484,Mexico,656,'01610,"Coffee, green",5510,Production,1993,1993,t,335627.000000,A,
138,'484,Mexico,656,'01610,"Coffee, green",5510,Production,1994,1994,t,324500.000000,A,
138,'484,Mexico,656,'01610,"Coffee, green",5510,Production,1995,1995,t,324526.000000,A,
138,'484,Mexico,656,'01610,"Coffee, green",5510,Production,1996,1996,t,374153.000000,A,
138,'484,Mexico,656,'01610,"Coffee, green",5510,Production,1997,1997,t,368315.000000,A,
138,'484,Mexico,656,'01610,"Coffee, green",5510,Production,1998,1998,t,277372.000000,A,
138,'484,Mexico,656,'01610,"Coffee, green",5510,Production,1999,1999,t,302119.000000,A,
138,'484,Mexico,656,'01610,"Coffee, green",5510,Production,2000,2000,t,338170.000000,A,
138,'484,Mexico,656,'01610,"Coffee, green",5510,Production,2001,2001,t,302996.000000,A,
138,'484,Mexico,656,'01610,"Coffee, green",5510,Production,2002,2002,t,313027.000000,A,
138,'484,Mexico,656,'01610,"Coffee, green",5510,Production,2003,2003,t,310861.000000,A,
138,'484,Mexico,656,'01610,"Coffee, green",5510,Production,2004,2004,t,312413.000000,A,
138,'484,Mexico,656,'01610,"Coffee, green",5510,Production,2005,2005,t,294364.000000,A,
138,'484,Mexico,656,'01610,"Coffee, green",5510,Production,2006,2006,t,279635.000000,A,
138,'484,Mexico,656,'01610,"Coffee, green",5510,Production,2007,2007,t,268565.000000,A,
138,'484,Mexico,656,'01610,"Coffee, green",5510,Production,2008,2008,t,260442.000000,A,
138,'484,Mexico,656,'01610,"Coffee, green",5510,Production,2009,2009,t,264472.000000,A,
138,'484,Mexico,656,'01610,"Coffee, green",5510,Production,2010,2010,t,245271.000000,A,
138,'484,Mexico,656,'01610,"Coffee, green",5510,Production,2011,2011,t,237056.000000,A,
138,'484,Mexico,656,'01610,"Coffee, green",5510,Production,2012,2012,t,246121.000000,A,
138,'484,Mexico,656,'01610,"Coffee, green",5510,Production,2013,2013,t,231596.000000,A,
138,'484,Mexico,656,'01610,"Coffee, green",5510,Production,2014,2014,t,214667.000000,A,
138,'484,Mexico,656,'01610,"Coffee, green",5510,Production,2015,2015,t,188934.000000,A,
138,'484,Mexico,656,'01610,"Coffee, green",5510,Production,2016,2016,t,151714.000000,A,
138,'484,Mexico,656,'01610,"Coffee, green",5510,Production,2017,2017,t,153777.400000,A,
138,'484,Mexico,656,'01610,"Coffee, green",5510,Production,2018,2018,t,158307.990000,A,
138,'484,Mexico,656,'01610,"Coffee, green",5510,Production,2019,2019,t,165712.270000,A,
138,'484,Mexico,656,'01610,"Coffee, green",5510,Production,2020,2020,t,175554.620000,A,
138,'484,Mexico,656,'01610,"Coffee, green",5510,Production,2021,2021,t,174341.400000,A,
138,'484,Mexico,656,'01610,"Coffee, green",5510,Production,2022,2022,t,188710.000000,E,
138,'484,Mexico,656,'01610,"Coffee, green",5510,Production,2023,2023,t,194940.000000,E,
138,'484,Mexico,656,'01610,"Coffee, green",5510,Production,2024,2024,t,194470.000000,E,
170,'604,Peru,656,'01610,"Coffee, green",5312,Area harvested,1961,1961,ha,88350.000000,A,
170,'604,Peru,656,'01610,"Coffee, green",5312,Area harvested,1962,1962,ha,95580.000000,A,
170,'604,Peru,656,'01610,"Coffee, green",5312,Area harvested,1963,1963,ha,101430.000000,A,
170,'604,Peru,656,'01610,"Coffee, green",5312,Area harvested,1964,1964,ha,106920.000000,A,
170,'604,Peru,656,'01610,"Coffee, green",5312,Area harvested,1965,1965,ha,92670.000000,A,
170,'604,Peru,656,'01610,"Coffee, green",5312,Area harvested,1966,1966,ha,103954.000000,A,
170,'604,Peru,656,'01610,"Coffee, green",5312,Area harvested,1967,1967,ha,101322.000000,A,
170,'604,Peru,656,'01610,"Coffee, green",5312,Area harvested,1968,1968,ha,115489.000000,A,
170,'604,Peru,656,'01610,"Coffee, green",5312,Area harvested,1969,1969,ha,119019.000000,A,
170,'604,Peru,656,'01610,"Coffee, green",5312,Area harvested,1970,1970,ha,113443.000000,A,
170,'604,Peru,656,'01610,"Coffee, green",5312,Area harvested,1971,1971,ha,123196.000000,A,
170,'604,Peru,656,'01610,"Coffee, green",5312,Area harvested,1972,1972,ha,127722.000000,A,
170,'604,Peru,656,'01610,"Coffee, green",5312,Area harvested,1973,1973,ha,127288.000000,A,
170,'604,Peru,656,'01610,"Coffee, green",5312,Area harvested,1974,1974,ha,126625.000000,A,
170,'604,Peru,656,'01610,"Coffee, green",5312,Area harvested,1975,1975,ha,120622.000000,A,
170,'604,Peru,656,'01610,"Coffee, green",5312,Area harvested,1976,1976,ha,120781.000000,A,
170,'604,Peru,656,'01610,"Coffee, green",5312,Area harvested,1977,1977,ha,134129.000000,A,
170,'604,Peru,656,'01610,"Coffee, green",5312,Area harvested,1978,1978,ha,142214.000000,A,
170,'604,Peru,656,'01610,"Coffee, green",5312,Area harvested,1979,1979,ha,154738.000000,A,
170,'604,Peru,656,'01610,"Coffee, green",5312,Area harvested,1980,1980,ha,152731.000000,A,
170,'604,Peru,656,'01610,"Coffee, green",5312,Area harvested,1981,1981,ha,152877.000000,A,
170,'604,Peru,656,'01610,"Coffee, green",5312,Area harvested,1982,1982,ha,154666.000000,A,
170,'604,Peru,656,'01610,"Coffee, green",5312,Area harvested,1983,1983,ha,158070.000000,A,
170,'604,Peru,656,'01610,"Coffee, green",5312,Area harvested,1984,1984,ha,157939.000000,A,
170,'604,Peru,656,'01610,"Coffee, green",5312,Area harvested,1985,1985,ha,161071.000000,A,
170,'604,Peru,656,'01610,"Coffee, green",5312,Area harvested,1986,1986,ha,163072.000000,A,
170,'604,Peru,656,'01610,"Coffee, green",5312,Area harvested,1987,1987,ha,170491.000000,A,
170,'604,Peru,656,'01610,"Coffee, green",5312,Area harvested,1988,1988,ha,185125.000000,A,
170,'604,Peru,656,'01610,"Coffee, green",5312,Area harvested,1989,1989,ha,190203.000000,A,
170,'604,Peru,656,'01610,"Coffee, green",5312,Area harvested,1990,1990,ha,162661.000000,A,
170,'604,Peru,656,'01610,"Coffee, green",5312,Area harvested,1991,1991,ha,163962.000000,A,
170,'604,Peru,656,'01610,"Coffee, green",5312,Area harvested,1992,1992,ha,164662.000000,A,
170,'604,Peru,656,'01610,"Coffee, green",5312,Area harvested,1993,1993,ha,160876.000000,A,
170,'604,Peru,656,'01610,"Coffee, green",5312,Area harvested,1994,1994,ha,164230.000000,A,
170,'604,Peru,656,'01610,"Coffee, green",5312,Area harvested,1995,1995,ha,163382.000000,A,
170,'604,Peru,656,'01610,"Coffee, green",5312,Area harvested,1996,1996,ha,176261.000000,A,
170,'604,Peru,656,'01610,"Coffee, green",5312,Area harvested,1997,1997,ha,184585.000000,A,
170,'604,Peru,656,'01610,"Coffee, green",5312,Area harvested,1998,1998,ha,188610.000000,A,
170,'604,Peru,656,'01610,"Coffee, green",5312,Area harvested,1999,1999,ha,212261.000000,A,
170,'604,Peru,656,'01610,"Coffee, green",5312,Area harvested,2000,2000,ha,264492.000000,A,
170,'604,Peru,656,'01610,"Coffee, green",5312,Area harvested,2001,2001,ha,274252.000000,A,
170,'604,Peru,656,'01610,"Coffee, green",5312,Area harvested,2002,2002,ha,287379.000000,A,
170,'604,Peru,656,'01610,"Coffee, green",5312,Area harvested,2003,2003,ha,291844.000000,A,
170,'604,Peru,656,'01610,"Coffee, green",5312,Area harvested,2004,2004,ha,295139.000000,A,
170,'604,Peru,656,'01610,"Coffee, green",5312,Area harvested,2005,2005,ha,301534.000000,A,
170,'604,Peru,656,'01610,"Coffee, green",5312,Area harvested,2006,2006,ha,321449.000000,A,
170,'604,Peru,656,'01610,"Coffee, green",5312,Area harvested,2007,2007,ha,324062.000000,A,
170,'604,Peru,656,'01610,"Coffee, green",5312,Area harvested,2008,2008,ha,333388.000000,A,
170,'604,Peru,656,'01610,"Coffee, green",5312,Area harvested,2009,2009,ha,342621.000000,A,
170,'604,Peru,656,'01610,"Coffee, green",5312,Area harvested,2010,2010,ha,349633.000000,A,
170,'604,Peru,656,'01610,"Coffee, green",5312,Area harvested,2011,2011,ha,367096.000000,A,
170,'604,Peru,656,'01610,"Coffee, green",5312,Area harvested,2012,2012,ha,370632.000000,A,
170,'604,Peru,656,'01610,"Coffee, green",5312,Area harvested,2013,2013,ha,399523.000000,A,
170,'604,Peru,656,'01610,"Coffee, green",5312,Area harvested,2014,2014,ha,361671.000000,A,
170,'604,Peru,656,'01610,"Coffee, green",5312,Area harvested,2015,2015,ha,379187.000000,A,
170,'604,Peru,656,'01610,"Coffee, green",5312,Area harvested,2016,2016,ha,383973.000000,A,
170,'604,Peru,656,'01610,"Coffee, green",5312,Area harvested,2017,2017,ha,424129.000000,A,
170,'604,Peru,656,'01610,"Coffee, green",5312,Area harvested,2018,2018,ha,432409.000000,A,
170,'604,Peru,656,'01610,"Coffee, green",5312,Area harvested,2019,2019,ha,438177.000000,A,
170,'604,Peru,656,'01610,"Coffee, green",5312,Area harvested,2020,2020,ha,430820.000000,A,
170,'604,Peru,656,'01610,"Coffee, green",5312,Area harvested,2021,2021,ha,429717.000000,A,
170,'604,Peru,656,'01610,"Coffee, green",5312,Area harvested,2022,2022,ha,418790.000000,A,
170,'604,Peru,656,'01610,"Coffee, green",5312,Area harvested,2023,2023,ha,428738.000000,A,
170,'604,Peru,656,'01610,"Coffee, green",5312,Area harvested,2024,2024,ha,421972.000000,A,
170,'604,Peru,656,'01610,"Coffee, green",5412,Yield,1961,1961,kg/ha,482.700000,A,
170,'604,Peru,656,'01610,"Coffee, green",5412,Yield,1962,1962,kg/ha,485.000000,A,
170,'604,Peru,656,'01610,"Coffee, green",5412,Yield,1963,1963,kg/ha,482.500000,A,
170,'604,Peru,656,'01610,"Coffee, green",5412,Yield,1964,1964,kg/ha,493.300000,A,
170,'604,Peru,656,'01610,"Coffee, green",5412,Yield,1965,1965,kg/ha,520.800000,A,
170,'604,Peru,656,'01610,"Coffee, green",5412,Yield,1966,1966,kg/ha,503.900000,A,
170,'604,Peru,656,'01610,"Coffee, green",5412,Yield,1967,1967,kg/ha,520.600000,A,
170,'604,Peru,656,'01610,"Coffee, green",5412,Yield,1968,1968,kg/ha,559.800000,A,
170,'604,Peru,656,'01610,"Coffee, green",5412,Yield,1969,1969,kg/ha,575.000000,A,
170,'604,Peru,656,'01610,"Coffee, green",5412,Yield,1970,1970,kg/ha,576.200000,A,
170,'604,Peru,656,'01610,"Coffee, green",5412,Yield,1971,1971,kg/ha,573.000000,A,
170,'604,Peru,656,'01610,"Coffee, green",5412,Yield,1972,1972,kg/ha,549.600000,A,
170,'604,Peru,656,'01610,"Coffee, green",5412,Yield,1973,1973,kg/ha,553.000000,A,
170,'604,Peru,656,'01610,"Coffee, green",5412,Yield,1974,1974,kg/ha,551.700000,A,
170,'604,Peru,656,'01610,"Coffee, green",5412,Yield,1975,1975,kg/ha,542.100000,A,
170,'604,Peru,656,'01610,"Coffee, green",5412,Yield,1976,1976,kg/ha,541.800000,A,
170,'604,Peru,656,'01610,"Coffee, green",5412,Yield,1977,1977,kg/ha,597.900000,A,
170,'604,Peru,656,'01610,"Coffee, green",5412,Yield,1978,1978,kg/ha,620.000000,A,
170,'604,Peru,656,'01610,"Coffee, green",5412,Yield,1979,1979,kg/ha,681.700000,A,
170,'604,Peru,656,'01610,"Coffee, green",5412,Yield,1980,1980,kg/ha,564.200000,A,
170,'604,Peru,656,'01610,"Coffee, green",5412,Yield,1981,1981,kg/ha,519.100000,A,
170,'604,Peru,656,'01610,"Coffee, green",5412,Yield,1982,1982,kg/ha,513.500000,A,
170,'604,Peru,656,'01610,"Coffee, green",5412,Yield,1983,1983,kg/ha,541.800000,A,
170,'604,Peru,656,'01610,"Coffee, green",5412,Yield,1984,1984,kg/ha,527.800000,A,
170,'604,Peru,656,'01610,"Coffee, green",5412,Yield,1985,1985,kg/ha,563.300000,A,
170,'604,Peru,656,'01610,"Coffee, green",5412,Yield,1986,1986,kg/ha,589.000000,A,
170,'604,Peru,656,'01610,"Coffee, green",5412,Yield,1987,1987,kg/ha,578.000000,A,
170,'604,Peru,656,'01610,"Coffee, green",5412,Yield,1988,1988,kg/ha,537.000000,A,
170,'604,Peru,656,'01610,"Coffee, green",5412,Yield,1989,1989,kg/ha,556.000000,A,
170,'604,Peru,656,'01610,"Coffee, green",5412,Yield,1990,1990,kg/ha,498.800000,A,
170,'604,Peru,656,'01610,"Coffee, green",5412,Yield,1991,1991,kg/ha,504.000000,A,
170,'604,Peru,656,'01610,"Coffee, green",5412,Yield,1992,1992,kg/ha,525.400000,A,
170,'604,Peru,656,'01610,"Coffee, green",5412,Yield,1993,1993,kg/ha,532.100000,A,
170,'604,Peru,656,'01610,"Coffee, green",5412,Yield,1994,1994,kg/ha,556.200000,A,
170,'604,Peru,656,'01610,"Coffee, green",5412,Yield,1995,1995,kg/ha,591.800000,A,
170,'604,Peru,656,'01610,"Coffee, green",5412,Yield,1996,1996,kg/ha,604.300000,A,
170,'604,Peru,656,'01610,"Coffee, green",5412,Yield,1997,1997,kg/ha,722.100000,A,
170,'604,Peru,656,'01610,"Coffee, green",5412,Yield,1998,1998,kg/ha,767.500000,A,
170,'604,Peru,656,'01610,"Coffee, green",5412,Yield,1999,1999,kg/ha,787.500000,A,
170,'604,Peru,656,'01610,"Coffee, green",5412,Yield,2000,2000,kg/ha,724.600000,A,
170,'604,Peru,656,'01610,"Coffee, green",5412,Yield,2001,2001,kg/ha,715.500000,A,
170,'604,Peru,656,'01610,"Coffee, green",5412,Yield,2002,2002,kg/ha,740.400000,A,
170,'604,Peru,656,'01610,"Coffee, green",5412,Yield,2003,2003,kg/ha,696.100000,A,
170,'604,Peru,656,'01610,"Coffee, green",5412,Yield,2004,2004,kg/ha,784.200000,A,
170,'604,Peru,656,'01610,"Coffee, green",5412,Yield,2005,2005,kg/ha,625.500000,A,
170,'604,Peru,656,'01610,"Coffee, green",5412,Yield,2006,2006,kg/ha,849.800000,A,
170,'604,Peru,656,'01610,"Coffee, green",5412,Yield,2007,2007,kg/ha,697.400000,A,
170,'604,Peru,656,'01610,"Coffee, green",5412,Yield,2008,2008,kg/ha,821.200000,A,
170,'604,Peru,656,'01610,"Coffee, green",5412,Yield,2009,2009,kg/ha,710.600000,A,
170,'604,Peru,656,'01610,"Coffee, green",5412,Yield,2010,2010,kg/ha,756.800000,A,
170,'604,Peru,656,'01610,"Coffee, green",5412,Yield,2011,2011,kg/ha,903.200000,A,
170,'604,Peru,656,'01610,"Coffee, green",5412,Yield,2012,2012,kg/ha,863.800000,A,
170,'604,Peru,656,'01610,"Coffee, green",5412,Yield,2013,2013,kg/ha,641.400000,A,
170,'604,Peru,656,'01610,"Coffee, green",5412,Yield,2014,2014,kg/ha,613.900000,A,
170,'604,Peru,656,'01610,"Coffee, green",5412,Yield,2015,2015,kg/ha,664.400000,A,
170,'604,Peru,656,'01610,"Coffee, green",5412,Yield,2016,2016,kg/ha,723.400000,A,
170,'604,Peru,656,'01610,"Coffee, green",5412,Yield,2017,2017,kg/ha,795.300000,A,
170,'604,Peru,656,'01610,"Coffee, green",5412,Yield,2018,2018,kg/ha,854.800000,A,
170,'604,Peru,656,'01610,"Coffee, green",5412,Yield,2019,2019,kg/ha,829.200000,A,
170,'604,Peru,656,'01610,"Coffee, green",5412,Yield,2020,2020,kg/ha,819.800000,A,
170,'604,Peru,656,'01610,"Coffee, green",5412,Yield,2021,2021,kg/ha,847.100000,A,
170,'604,Peru,656,'01610,"Coffee, green",5412,Yield,2022,2022,kg/ha,853.300000,A,
170,'604,Peru,656,'01610,"Coffee, green",5412,Yield,2023,2023,kg/ha,855.900000,A,
170,'604,Peru,656,'01610,"Coffee, green",5412,Yield,2024,2024,kg/ha,850.800000,A,
170,'604,Peru,656,'01610,"Coffee, green",5510,Production,1961,1961,t,42643.000000,A,
170,'604,Peru,656,'01610,"Coffee, green",5510,Production,1962,1962,t,46356.000000,A,
170,'604,Peru,656,'01610,"Coffee, green",5510,Production,1963,1963,t,48940.000000,A,
170,'604,Peru,656,'01610,"Coffee, green",5510,Production,1964,1964,t,52740.000000,A,
170,'604,Peru,656,'01610,"Coffee, green",5510,Production,1965,1965,t,48264.000000,A,
170,'604,Peru,656,'01610,"Coffee, green",5510,Production,1966,1966,t,52380.000000,A,
170,'604,Peru,656,'01610,"Coffee, green",5510,Production,1967,1967,t,52753.000000,A,
170,'604,Peru,656,'01610,"Coffee, green",5510,Production,1968,1968,t,64652.000000,A,
170,'604,Peru,656,'01610,"Coffee, green",5510,Production,1969,1969,t,68439.000000,A,
170,'604,Peru,656,'01610,"Coffee, green",5510,Production,1970,1970,t,65368.000000,A,
170,'604,Peru,656,'01610,"Coffee, green",5510,Production,1971,1971,t,70587.000000,A,
170,'604,Peru,656,'01610,"Coffee, green",5510,Production,1972,1972,t,70195.000000,A,
170,'604,Peru,656,'01610,"Coffee, green",5510,Production,1973,1973,t,70396.000000,A,
170,'604,Peru,656,'01610,"Coffee, green",5510,Production,1974,1974,t,69855.000000,A,
170,'604,Peru,656,'01610,"Coffee, green",5510,Production,1975,1975,t,65387.000000,A,
170,'604,Peru,656,'01610,"Coffee, green",5510,Production,1976,1976,t,65445.000000,A,
170,'604,Peru,656,'01610,"Coffee, green",5510,Production,1977,1977,t,80190.000000,A,
170,'604,Peru,656,'01610,"Coffee, green",5510,Production,1978,1978,t,88166.000000,A,
170,'604,Peru,656,'01610,"Coffee, green",5510,Production,1979,1979,t,105478.000000,A,
170,'604,Peru,656,'01610,"Coffee, green",5510,Production,1980,1980,t,86177.000000,A,
170,'604,Peru,656,'01610,"Coffee, green",5510,Production,1981,1981,t,79360.000000,A,
170,'604,Peru,656,'01610,"Coffee, green",5510,Production,1982,1982,t,79422.000000,A,
170,'604,Peru,656,'01610,"Coffee, green",5510,Production,1983,1983,t,85637.000000,A,
170,'604,Peru,656,'01610,"Coffee, green",5510,Production,1984,1984,t,83357.000000,A,
170,'604,Peru,656,'01610,"Coffee, green",5510,Production,1985,1985,t,90736.000000,A,
170,'604,Peru,656,'01610,"Coffee, green",5510,Production,1986,1986,t,96054.000000,A,
170,'604,Peru,656,'01610,"Coffee, green",5510,Production,1987,1987,t,98538.000000,A,
170,'604,Peru,656,'01610,"Coffee, green",5510,Production,1988,1988,t,99414.000000,A,
170,'604,Peru,656,'01610,"Coffee, green",5510,Production,1989,1989,t,105753.000000,A,
170,'604,Peru,656,'01610,"Coffee, green",5510,Production,1990,1990,t,81142.000000,A,
170,'604,Peru,656,'01610,"Coffee, green",5510,Production,1991,1991,t,82635.000000,A,
170,'604,Peru,656,'01610,"Coffee, green",5510,Production,1992,1992,t,86519.000000,A,
170,'604,Peru,656,'01610,"Coffee, green",5510,Production,1993,1993,t,85603.000000,A,
170,'604,Peru,656,'01610,"Coffee, green",5510,Production,1994,1994,t,91340.000000,A,
170,'604,Peru,656,'01610,"Coffee, green",5510,Production,1995,1995,t,96697.000000,A,
170,'604,Peru,656,'01610,"Coffee, green",5510,Production,1996,1996,t,106520.000000,A,
170,'604,Peru,656,'01610,"Coffee, green",5510,Production,1997,1997,t,133296.000000,A,
170,'604,Peru,656,'01610,"Coffee, green",5510,Production,1998,1998,t,144763.000000,A,
170,'604,Peru,656,'01610,"Coffee, green",5510,Production,1999,1999,t,167145.000000,A,
170,'604,Peru,656,'01610,"Coffee, green",5510,Production,2000,2000,t,191651.000000,A,
170,'604,Peru,656,'01610,"Coffee, green",5510,Production,2001,2001,t,196232.000000,A,
170,'604,Peru,656,'01610,"Coffee, green",5510,Production,2002,2002,t,212770.000000,A,
170,'604,Peru,656,'01610,"Coffee, green",5510,Production,2003,2003,t,203148.000000,A,
170,'604,Peru,656,'01610,"Coffee, green",5510,Production,2004,2004,t,231447.000000,A,
170,'604,Peru,656,'01610,"Coffee, green",5510,Production,2005,2005,t,188611.000000,A,
170,'604,Peru,656,'01610,"Coffee, green",5510,Production,2006,2006,t,273178.000000,A,
170,'604,Peru,656,'01610,"Coffee, green",5510,Production,2007,2007,t,225992.000000,A,
170,'604,Peru,656,'01610,"Coffee, green",5510,Production,2008,2008,t,273780.000000,A,
170,'604,Peru,656,'01610,"Coffee, green",5510,Production,2009,2009,t,243479.000000,A,
170,'604,Peru,656,'01610,"Coffee, green",5510,Production,2010,2010,t,264605.000000,A,
170,'604,Peru,656,'01610,"Coffee, green",5510,Production,2011,2011,t,331547.000000,A,
170,'604,Peru,656,'01610,"Coffee, green",5510,Production,2012,2012,t,320163.560000,A,
170,'604,Peru,656,'01610,"Coffee, green",5510,Production,2013,2013,t,256241.430000,A,
170,'604,Peru,656,'01610,"Coffee, green",5510,Production,2014,2014,t,222047.000000,A,
170,'604,Peru,656,'01610,"Coffee, green",5510,Production,2015,2015,t,251938.000000,A,
170,'604,Peru,656,'01610,"Coffee, green",5510,Production,2016,2016,t,277760.400000,A,
170,'604,Peru,656,'01610,"Coffee, green",5510,Production,2017,2017,t,337330.000000,A,
170,'604,Peru,656,'01610,"Coffee, green",5510,Production,2018,2018,t,369621.990000,A,
170,'604,Peru,656,'01610,"Coffee, green",5510,Production,2019,2019,t,363319.590000,A,
170,'604,Peru,656,'01610,"Coffee, green",5510,Production,2020,2020,t,353205.740000,A,
170,'604,Peru,656,'01610,"Coffee, green",5510,Production,2021,2021,t,363996.830000,A,
170,'604,Peru,656,'01610,"Coffee, green",5510,Production,2022,2022,t,357346.420000,A,
170,'604,Peru,656,'01610,"Coffee, green",5510,Production,2023,2023,t,366940.030000,A,
170,'604,Peru,656,'01610,"Coffee, green",5510,Production,2024,2024,t,358993.780000,A,
226,'800,Uganda,656,'01610,"Coffee, green",5312,Area harvested,1961,1961,ha,245100.000000,A,
226,'800,Uganda,656,'01610,"Coffee, green",5312,Area harvested,1962,1962,ha,254500.000000,A,
226,'800,Uganda,656,'01610,"Coffee, green",5312,Area harvested,1963,1963,ha,255300.000000,A,
226,'800,Uganda,656,'01610,"Coffee, green",5312,Area harvested,1964,1964,ha,261100.000000,A,
226,'800,Uganda,656,'01610,"Coffee, green",5312,Area harvested,1965,1965,ha,293300.000000,A,
226,'800,Uganda,656,'01610,"Coffee, green",5312,Area harvested,1966,1966,ha,335300.000000,A,
226,'800,Uganda,656,'01610,"Coffee, green",5312,Area harvested,1967,1967,ha,336000.000000,A,
226,'800,Uganda,656,'01610,"Coffee, green",5312,Area harvested,1968,1968,ha,252400.000000,A,
226,'800,Uganda,656,'01610,"Coffee, green",5312,Area harvested,1969,1969,ha,281200.000000,A,
226,'800,Uganda,656,'01610,"Coffee, green",5312,Area harvested,1970,1970,ha,245700.000000,A,
226,'800,Uganda,656,'01610,"Coffee, green",5312,Area harvested,1971,1971,ha,257100.000000,A,
226,'800,Uganda,656,'01610,"Coffee, green",5312,Area harvested,1972,1972,ha,256500.000000,A,
226,'800,Uganda,656,'01610,"Coffee, green",5312,Area harvested,1973,1973,ha,280000.000000,E,
226,'800,Uganda,656,'01610,"Coffee, green",5312,Area harvested,1974,1974,ha,222400.000000,A,
226,'800,Uganda,656,'01610,"Coffee, green",5312,Area harvested,1975,1975,ha,223200.000000,A,
226,'800,Uganda,656,'01610,"Coffee, green",5312,Area harvested,1976,1976,ha,223922.000000,A,
226,'800,Uganda,656,'01610,"Coffee, green",5312,Area harvested,1977,1977,ha,223807.000000,E,
226,'800,Uganda,656,'01610,"Coffee, green",5312,Area harvested,1978,1978,ha,223000.000000,A,
226,'800,Uganda,656,'01610,"Coffee, green",5312,Area harvested,1979,1979,ha,224000.000000,A,
226,'800,Uganda,656,'01610,"Coffee, green",5312,Area harvested,1980,1980,ha,224000.000000,A,
226,'800,Uganda,656,'01610,"Coffee, green",5312,Area harvested,1981,1981,ha,224000.000000,A,
226,'800,Uganda,656,'01610,"Coffee, green",5312,Area harvested,1982,1982,ha,224000.000000,A,
226,'800,Uganda,656,'01610,"Coffee, green",5312,Area harvested,1983,1983,ha,224000.000000,A,
226,'800,Uganda,656,'01610,"Coffee, green",5312,Area harvested,1984,1984,ha,224000.000000,A,
226,'800,Uganda,656,'01610,"Coffee, green",5312,Area harvested,1985,1985,ha,224500.000000,A,
226,'800,Uganda,656,'01610,"Coffee, green",5312,Area harvested,1986,1986,ha,224700.000000,A,
226,'800,Uganda,656,'01610,"Coffee, green",5312,Area harvested,1987,1987,ha,224700.000000,A,
226,'800,Uganda,656,'01610,"Coffee, green",5312,Area harvested,1988,1988,ha,224700.000000,A,
226,'800,Uganda,656,'01610,"Coffee, green",5312,Area harvested,1989,1989,ha,237600.000000,A,
226,'800,Uganda,656,'01610,"Coffee, green",5312,Area harvested,1990,1990,ha,270000.000000,A,
226,'800,Uganda,656,'01610,"Coffee, green",5312,Area harvested,1991,1991,ha,270000.000000,A,
226,'800,Uganda,656,'01610,"Coffee, green",5312,Area harvested,1992,1992,ha,260000.000000,E,
226,'800,Uganda,656,'01610,"Coffee, green",5312,Area harvested,1993,1993,ha,265000.000000,E,
226,'800,Uganda,656,'01610,"Coffee, green",5312,Area harvested,1994,1994,ha,263000.000000,A,
226,'800,Uganda,656,'01610,"Coffee, green",5312,Area harvested,1995,1995,ha,263000.000000,A,
226,'800,Uganda,656,'01610,"Coffee, green",5312,Area harvested,1996,1996,ha,280000.000000,E,
226,'800,Uganda,656,'01610,"Coffee, green",5312,Area harvested,1997,1997,ha,272000.000000,A,
226,'800,Uganda,656,'01610,"Coffee, green",5312,Area harvested,1998,1998,ha,265000.000000,E,
226,'800,Uganda,656,'01610,"Coffee, green",5312,Area harvested,1999,1999,ha,275000.000000,A,
226,'800,Uganda,656,'01610,"Coffee, green",5312,Area harvested,2000,2000,ha,300991.000000,A,
226,'800,Uganda,656,'01610,"Coffee, green",5312,Area harvested,2001,2001,ha,264000.000000,A,
226,'800,Uganda,656,'01610,"Coffee, green",5312,Area harvested,2002,2002,ha,217504.000000,A,
226,'800,Uganda,656,'01610,"Coffee, green",5312,Area harvested,2003,2003,ha,264000.000000,E,
226,'800,Uganda,656,'01610,"Coffee, green",5312,Area harvested,2004,2004,ha,264000.000000,E,
226,'800,Uganda,656,'01610,"Coffee, green",5312,Area harvested,2005,2005,ha,263000.000000,E,
226,'800,Uganda,656,'01610,"Coffee, green",5312,Area harvested,2006,2006,ha,220000.000000,E,
226,'800,Uganda,656,'01610,"Coffee, green",5312,Area harvested,2007,2007,ha,285000.000000,E,
226,'800,Uganda,656,'01610,"Coffee, green",5312,Area harvested,2008,2008,ha,345000.000000,E,
226,'800,Uganda,656,'01610,"Coffee, green",5312,Area harvested,2009,2009,ha,320000.000000,E,
226,'800,Uganda,656,'01610,"Coffee, green",5312,Area harvested,2010,2010,ha,272593.000000,I,
226,'800,Uganda,656,'01610,"Coffee, green",5312,Area harvested,2011,2011,ha,317080.000000,I,
226,'800,Uganda,656,'01610,"Coffee, green",5312,Area harvested,2012,2012,ha,316923.000000,I,
226,'800,Uganda,656,'01610,"Coffee, green",5312,Area harvested,2013,2013,ha,387263.000000,I,
226,'800,Uganda,656,'01610,"Coffee, green",5312,Area harvested,2014,2014,ha,377526.000000,I,
226,'800,Uganda,656,'01610,"Coffee, green",5312,Area harvested,2015,2015,ha,432000.000000,E,
226,'800,Uganda,656,'01610,"Coffee, green",5312,Area harvested,2016,2016,ha,434283.000000,I,
226,'800,Uganda,656,'01610,"Coffee, green",5312,Area harvested,2017,2017,ha,526491.000000,I,
226,'800,Uganda,656,'01610,"Coffee, green",5312,Area harvested,2018,2018,ha,497192.000000,I,
226,'800,Uganda,656,'01610,"Coffee, green",5312,Area harvested,2019,2019,ha,541495.000000,I,
226,'800,Uganda,656,'01610,"Coffee, green",5312,Area harvested,2020,2020,ha,632691.000000,I,
226,'800,Uganda,656,'01610,"Coffee, green",5312,Area harvested,2021,2021,ha,737884.000000,I,
226,'800,Uganda,656,'01610,"Coffee, green",5312,Area harvested,2022,2022,ha,912315.000000,E,
226,'800,Uganda,656,'01610,"Coffee, green",5312,Area harvested,2023,2023,ha,849736.000000,I,
226,'800,Uganda,656,'01610,"Coffee, green",5312,Area harvested,2024,2024,ha,736547.000000,I,
226,'800,Uganda,656,'01610,"Coffee, green",5412,Yield,1961,1961,kg/ha,383.900000,A,
226,'800,Uganda,656,'01610,"Coffee, green",5412,Yield,1962,1962,kg/ha,467.600000,A,
226,'800,Uganda,656,'01610,"Coffee, green",5412,Yield,1963,1963,kg/ha,619.700000,A,
226,'800,Uganda,656,'01610,"Coffee, green",5412,Yield,1964,1964,kg/ha,660.300000,A,
226,'800,Uganda,656,'01610,"Coffee, green",5412,Yield,1965,1965,kg/ha,518.600000,A,
226,'800,Uganda,656,'01610,"Coffee, green",5412,Yield,1966,1966,kg/ha,459.000000,A,
226,'800,Uganda,656,'01610,"Coffee, green",5412,Yield,1967,1967,kg/ha,495.200000,A,
226,'800,Uganda,656,'01610,"Coffee, green",5412,Yield,1968,1968,kg/ha,526.900000,A,
226,'800,Uganda,656,'01610,"Coffee, green",5412,Yield,1969,1969,kg/ha,879.100000,A,
226,'800,Uganda,656,'01610,"Coffee, green",5412,Yield,1970,1970,kg/ha,820.100000,A,
226,'800,Uganda,656,'01610,"Coffee, green",5412,Yield,1971,1971,kg/ha,682.600000,A,
226,'800,Uganda,656,'01610,"Coffee, green",5412,Yield,1972,1972,kg/ha,716.200000,A,
226,'800,Uganda,656,'01610,"Coffee, green",5412,Yield,1973,1973,kg/ha,759.300000,E,
226,'800,Uganda,656,'01610,"Coffee, green",5412,Yield,1974,1974,kg/ha,895.200000,A,
226,'800,Uganda,656,'01610,"Coffee, green",5412,Yield,1975,1975,kg/ha,891.600000,A,
226,'800,Uganda,656,'01610,"Coffee, green",5412,Yield,1976,1976,kg/ha,612.300000,A,
226,'800,Uganda,656,'01610,"Coffee, green",5412,Yield,1977,1977,kg/ha,696.600000,E,
226,'800,Uganda,656,'01610,"Coffee, green",5412,Yield,1978,1978,kg/ha,543.900000,A,
226,'800,Uganda,656,'01610,"Coffee, green",5412,Yield,1979,1979,kg/ha,459.800000,A,
226,'800,Uganda,656,'01610,"Coffee, green",5412,Yield,1980,1980,kg/ha,603.600000,A,
226,'800,Uganda,656,'01610,"Coffee, green",5412,Yield,1981,1981,kg/ha,435.300000,A,
226,'800,Uganda,656,'01610,"Coffee, green",5412,Yield,1982,1982,kg/ha,722.600000,A,
226,'800,Uganda,656,'01610,"Coffee, green",5412,Yield,1983,1983,kg/ha,661.700000,A,
226,'800,Uganda,656,'01610,"Coffee, green",5412,Yield,1984,1984,kg/ha,651.700000,A,
226,'800,Uganda,656,'01610,"Coffee, green",5412,Yield,1985,1985,kg/ha,641.400000,A,
226,'800,Uganda,656,'01610,"Coffee, green",5412,Yield,1986,1986,kg/ha,711.500000,A,
226,'800,Uganda,656,'01610,"Coffee, green",5412,Yield,1987,1987,kg/ha,743.500000,A,
226,'800,Uganda,656,'01610,"Coffee, green",5412,Yield,1988,1988,kg/ha,672.700000,A,
226,'800,Uganda,656,'01610,"Coffee, green",5412,Yield,1989,1989,kg/ha,711.500000,A,
226,'800,Uganda,656,'01610,"Coffee, green",5412,Yield,1990,1990,kg/ha,476.800000,A,
226,'800,Uganda,656,'01610,"Coffee, green",5412,Yield,1991,1991,kg/ha,545.800000,A,
226,'800,Uganda,656,'01610,"Coffee, green",5412,Yield,1992,1992,kg/ha,424.400000,E,
226,'800,Uganda,656,'01610,"Coffee, green",5412,Yield,1993,1993,kg/ha,545.500000,E,
226,'800,Uganda,656,'01610,"Coffee, green",5412,Yield,1994,1994,kg/ha,754.300000,A,
226,'800,Uganda,656,'01610,"Coffee, green",5412,Yield,1995,1995,kg/ha,690.000000,A,
226,'800,Uganda,656,'01610,"Coffee, green",5412,Yield,1996,1996,kg/ha,1028.300000,E,
226,'800,Uganda,656,'01610,"Coffee, green",5412,Yield,1997,1997,kg/ha,807.400000,A,
226,'800,Uganda,656,'01610,"Coffee, green",5412,Yield,1998,1998,kg/ha,773.800000,E,
226,'800,Uganda,656,'01610,"Coffee, green",5412,Yield,1999,1999,kg/ha,915.900000,A,
226,'800,Uganda,656,'01610,"Coffee, green",5412,Yield,2000,2000,kg/ha,476.700000,A,
226,'800,Uganda,656,'01610,"Coffee, green",5412,Yield,2001,2001,kg/ha,747.800000,A,
226,'800,Uganda,656,'01610,"Coffee, green",5412,Yield,2002,2002,kg/ha,963.400000,A,
226,'800,Uganda,656,'01610,"Coffee, green",5412,Yield,2003,2003,kg/ha,571.500000,E,
226,'800,Uganda,656,'01610,"Coffee, green",5412,Yield,2004,2004,kg/ha,644.200000,E,
226,'800,Uganda,656,'01610,"Coffee, green",5412,Yield,2005,2005,kg/ha,601.100000,E,
226,'800,Uganda,656,'01610,"Coffee, green",5412,Yield,2006,2006,kg/ha,606.000000,E,
226,'800,Uganda,656,'01610,"Coffee, green",5412,Yield,2007,2007,kg/ha,615.200000,E,
226,'800,Uganda,656,'01610,"Coffee, green",5412,Yield,2008,2008,kg/ha,613.700000,E,
226,'800,Uganda,656,'01610,"Coffee, green",5412,Yield,2009,2009,kg/ha,612.100000,E,
226,'800,Uganda,656,'01610,"Coffee, green",5412,Yield,2010,2010,kg/ha,612.500000,E,
226,'800,Uganda,656,'01610,"Coffee, green",5412,Yield,2011,2011,kg/ha,603.500000,E,
226,'800,Uganda,656,'01610,"Coffee, green",5412,Yield,2012,2012,kg/ha,587.300000,E,
226,'800,Uganda,656,'01610,"Coffee, green",5412,Yield,2013,2013,kg/ha,575.600000,E,
226,'800,Uganda,656,'01610,"Coffee, green",5412,Yield,2014,2014,kg/ha,583.100000,E,
226,'800,Uganda,656,'01610,"Coffee, green",5412,Yield,2015,2015,kg/ha,530.400000,E,
226,'800,Uganda,656,'01610,"Coffee, green",5412,Yield,2016,2016,kg/ha,559.700000,E,
226,'800,Uganda,656,'01610,"Coffee, green",5412,Yield,2017,2017,kg/ha,573.700000,E,
226,'800,Uganda,656,'01610,"Coffee, green",5412,Yield,2018,2018,kg/ha,571.700000,E,
226,'800,Uganda,656,'01610,"Coffee, green",5412,Yield,2019,2019,kg/ha,579.800000,E,
226,'800,Uganda,656,'01610,"Coffee, green",5412,Yield,2020,2020,kg/ha,569.200000,E,
226,'800,Uganda,656,'01610,"Coffee, green",5412,Yield,2021,2021,kg/ha,561.100000,E,
226,'800,Uganda,656,'01610,"Coffee, green",5412,Yield,2022,2022,kg/ha,555.700000,E,
226,'800,Uganda,656,'01610,"Coffee, green",5412,Yield,2023,2023,kg/ha,550.800000,E,
226,'800,Uganda,656,'01610,"Coffee, green",5412,Yield,2024,2024,kg/ha,545.800000,E,
226,'800,Uganda,656,'01610,"Coffee, green",5510,Production,1961,1961,t,94100.000000,A,
226,'800,Uganda,656,'01610,"Coffee, green",5510,Production,1962,1962,t,119000.000000,A,
226,'800,Uganda,656,'01610,"Coffee, green",5510,Production,1963,1963,t,158200.000000,A,
226,'800,Uganda,656,'01610,"Coffee, green",5510,Production,1964,1964,t,172400.000000,A,
226,'800,Uganda,656,'01610,"Coffee, green",5510,Production,1965,1965,t,152100.000000,A,
226,'800,Uganda,656,'01610,"Coffee, green",5510,Production,1966,1966,t,153900.000000,A,
226,'800,Uganda,656,'01610,"Coffee, green",5510,Production,1967,1967,t,166400.000000,A,
226,'800,Uganda,656,'01610,"Coffee, green",5510,Production,1968,1968,t,133000.000000,A,
226,'800,Uganda,656,'01610,"Coffee, green",5510,Production,1969,1969,t,247200.000000,A,
226,'800,Uganda,656,'01610,"Coffee, green",5510,Production,1970,1970,t,201500.000000,A,
226,'800,Uganda,656,'01610,"Coffee, green",5510,Production,1971,1971,t,175500.000000,A,
226,'800,Uganda,656,'01610,"Coffee, green",5510,Production,1972,1972,t,183700.000000,A,
226,'800,Uganda,656,'01610,"Coffee, green",5510,Production,1973,1973,t,212600.000000,A,
226,'800,Uganda,656,'01610,"Coffee, green",5510,Production,1974,1974,t,199100.000000,A,
226,'800,Uganda,656,'01610,"Coffee, green",5510,Production,1975,1975,t,199000.000000,A,
226,'800,Uganda,656,'01610,"Coffee, green",5510,Production,1976,1976,t,137100.000000,A,
226,'800,Uganda,656,'01610,"Coffee, green",5510,Production,1977,1977,t,155900.000000,A,
226,'800,Uganda,656,'01610,"Coffee, green",5510,Production,1978,1978,t,121300.000000,A,
226,'800,Uganda,656,'01610,"Coffee, green",5510,Production,1979,1979,t,103000.000000,A,
226,'800,Uganda,656,'01610,"Coffee, green",5510,Production,1980,1980,t,135200.000000,A,
226,'800,Uganda,656,'01610,"Coffee, green",5510,Production,1981,1981,t,97500.000000,A,
226,'800,Uganda,656,'01610,"Coffee, green",5510,Production,1982,1982,t,161866.000000,A,
226,'800,Uganda,656,'01610,"Coffee, green",5510,Production,1983,1983,t,148224.000000,A,
226,'800,Uganda,656,'01610,"Coffee, green",5510,Production,1984,1984,t,145971.000000,A,
226,'800,Uganda,656,'01610,"Coffee, green",5510,Production,1985,1985,t,143995.000000,A,
226,'800,Uganda,656,'01610,"Coffee, green",5510,Production,1986,1986,t,159881.000000,A,
226,'800,Uganda,656,'01610,"Coffee, green",5510,Production,1987,1987,t,167067.000000,A,
226,'800,Uganda,656,'01610,"Coffee, green",5510,Production,1988,1988,t,151157.000000,A,
226,'800,Uganda,656,'01610,"Coffee, green",5510,Production,1989,1989,t,169042.000000,A,
226,'800,Uganda,656,'01610,"Coffee, green",5510,Production,1990,1990,t,128747.000000,A,
226,'800,Uganda,656,'01610,"Coffee, green",5510,Production,1991,1991,t,147366.000000,A,
226,'800,Uganda,656,'01610,"Coffee, green",5510,Production,1992,1992,t,110334.000000,A,
226,'800,Uganda,656,'01610,"Coffee, green",5510,Production,1993,1993,t,144551.000000,A,
226,'800,Uganda,656,'01610,"Coffee, green",5510,Production,1994,1994,t,198371.000000,A,
226,'800,Uganda,656,'01610,"Coffee, green",5510,Production,1995,1995,t,181465.000000,A,
226,'800,Uganda,656,'01610,"Coffee, green",5510,Production,1996,1996,t,287925.000000,A,
226,'800,Uganda,656,'01610,"Coffee, green",5510,Production,1997,1997,t,219624.000000,A,
226,'800,Uganda,656,'01610,"Coffee, green",5510,Production,1998,1998,t,205056.000000,A,
226,'800,Uganda,656,'01610,"Coffee, green",5510,Production,1999,1999,t,251881.000000,A,
226,'800,Uganda,656,'01610,"Coffee, green",5510,Production,2000,2000,t,143475.000000,A,
226,'800,Uganda,656,'01610,"Coffee, green",5510,Production,2001,2001,t,197410.000000,A,
226,'800,Uganda,656,'01610,"Coffee, green",5510,Production,2002,2002,t,209547.000000,A,
226,'800,Uganda,656,'01610,"Coffee, green",5510,Production,2003,2003,t,150871.000000,A,
226,'800,Uganda,656,'01610,"Coffee, green",5510,Production,2004,2004,t,170081.000000,A,
226,'800,Uganda,656,'01610,"Coffee, green",5510,Production,2005,2005,t,158100.000000,A,
226,'800,Uganda,656,'01610,"Coffee, green",5510,Production,2006,2006,t,133310.000000,A,
226,'800,Uganda,656,'01610,"Coffee, green",5510,Production,2007,2007,t,175346.000000,A,
226,'800,Uganda,656,'01610,"Coffee, green",5510,Production,2008,2008,t,211726.000000,A,
226,'800,Uganda,656,'01610,"Coffee, green",5510,Production,2009,2009,t,195871.000000,A,
226,'800,Uganda,656,'01610,"Coffee, green",5510,Production,2010,2010,t,166968.000000,A,
226,'800,Uganda,656,'01610,"Coffee, green",5510,Production,2011,2011,t,191371.000000,A,
226,'800,Uganda,656,'01610,"Coffee, green",5510,Production,2012,2012,t,186125.000000,A,
226,'800,Uganda,656,'01610,"Coffee, green",5510,Production,2013,2013,t,222894.000000,A,
226,'800,Uganda,656,'01610,"Coffee, green",5510,Production,2014,2014,t,220135.000000,A,
226,'800,Uganda,656,'01610,"Coffee, green",5510,Production,2015,2015,t,229149.000000,A,
226,'800,Uganda,656,'01610,"Coffee, green",5510,Production,2016,2016,t,243061.000000,A,
226,'800,Uganda,656,'01610,"Coffee, green",5510,Production,2017,2017,t,302063.000000,A,
226,'800,Uganda,656,'01610,"Coffee, green",5510,Production,2018,2018,t,284225.000000,A,
226,'800,Uganda,656,'01610,"Coffee, green",5510,Production,2019,2019,t,313933.000000,A,
226,'800,Uganda,656,'01610,"Coffee, green",5510,Production,2020,2020,t,360103.000000,A,
226,'800,Uganda,656,'01610,"Coffee, green",5510,Production,2021,2021,t,414007.000000,A,
226,'800,Uganda,656,'01610,"Coffee, green",5510,Production,2022,2022,t,507000.000000,A,
226,'800,Uganda,656,'01610,"Coffee, green",5510,Production,2023,2023,t,468000.000000,A,
226,'800,Uganda,656,'01610,"Coffee, green",5510,Production,2024,2024,t,402000.000000,X,Unofficial figure
