dataset,entity,period,value,unit,source_org,source_title,source_url,quote,confidence,notes
exports_ico_total,World,CY2024/25,138.658,million 60kg bags,ICO (reported by Comunicaffe),"Coffee futures soared in the first session of November, world exports flat in 2024/25 (Comunicaffe, Nov 2025)",https://www.comunicaffe.com/coffee-futures-prices-soared-in-the-first-session-of-november-world-coffee-exports-flat-in-2024-25/,"exports are more or less in line with the previous year at 138.658 million bags, compared to 139.015 million in 2023/24",medium,"All forms, GBE. ICO data released Nov 2025 (CMR Oct 2025). ICO wording: 'decreased by 0.3% to 138.66 million bags as compared to 139.01'. Same totals in F_marginal_buyers.csv (cmr-1025)."
exports_ico_total,World,CY2023/24,139.015,million 60kg bags,ICO (reported by Comunicaffe),"Coffee futures soared in the first session of November, world exports flat in 2024/25 (Comunicaffe, Nov 2025)",https://www.comunicaffe.com/coffee-futures-prices-soared-in-the-first-session-of-november-world-coffee-exports-flat-in-2024-25/,"exports are more or less in line with the previous year at 138.658 million bags, compared to 139.015 million in 2023/24",medium,Revised figure (Nov 2025 vintage). Nov 2024 vintage was 137.273 (separate row).
exports_ico_total,World,CY2023/24,137.273,million 60kg bags,ICO (reported by Comunicaffe),"ICO Report shows biggest annual increase on record in green coffee exports, I-CIP monthly average down 3.2% in October to 250.56c (Comunicaffe, Nov 2024)",https://www.comunicaffe.com/ico-report-shows-biggest-annual-increase-on-record-for-world-coffee-exports/,"world exports of all forms of coffee growing by 11.7%, to 137.273 million bags, from 122.92 million in 2022/23",medium,Nov 2024 vintage (first full-year figure); later revised to 139.015.
exports_ico_total,World,CY2022/23,122.92,million 60kg bags,ICO (reported by Comunicaffe),"ICO Report shows biggest annual increase on record in green coffee exports, I-CIP monthly average down 3.2% in October to 250.56c (Comunicaffe, Nov 2024)",https://www.comunicaffe.com/ico-report-shows-biggest-annual-increase-on-record-for-world-coffee-exports/,"world exports of all forms of coffee growing by 11.7%, to 137.273 million bags, from 122.92 million in 2022/23",medium,Nov 2024 vintage.
exports_ico_total_change_pct,World,CY2023/24,11.7,%,ICO (reported by Comunicaffe),"ICO Report shows biggest annual increase on record in green coffee exports, I-CIP monthly average down 3.2% in October to 250.56c (Comunicaffe, Nov 2024)",https://www.comunicaffe.com/ico-report-shows-biggest-annual-increase-on-record-for-world-coffee-exports/,"world exports of all forms of coffee growing by 11.7%, to 137.273 million bags, from 122.92 million in 2022/23",medium,Nov 2024 vintage; ICO called it the biggest annual increase on record.
exports_ico_total,World,CY2019/20,126.9,million 60kg bags,ICO,"Coffee Market Report - October 2020 (September 2020 coffee exports rise, but 2019/20 shipments fell 4.9%)",https://ico.org/documents/cy2020-21/cmr-1020-e.pdf,Exports in coffee year 2019/20 fell 4.9% to 126.9 million bags,high,All forms (ICO headline). Value of exports -3.6% to USD 17.87 bn.
exports_ico_total_change_pct,World,CY2019/20,-4.9,%,ICO,"Coffee Market Report - October 2020 (September 2020 coffee exports rise, but 2019/20 shipments fell 4.9%)",https://ico.org/documents/cy2020-21/cmr-1020-e.pdf,Exports in coffee year 2019/20 fell 4.9% to 126.9 million bags,high,
exports_ico_group,Arabicas (all arabica groups),CY2024/25,84.137,million 60kg bags,ICO (reported by Comunicaffe),"Coffee futures soared in the first session of November, world exports flat in 2024/25 (Comunicaffe, Nov 2025)",https://www.comunicaffe.com/coffee-futures-prices-soared-in-the-first-session-of-november-world-coffee-exports-flat-in-2024-25/,Arabica exports fell by 1.3% to 84.137 million bags,medium,All forms. Nov 2025 vintage.
exports_ico_group_change_pct,Arabicas (all arabica groups),CY2024/25,-1.3,%,ICO (reported by Comunicaffe),"Coffee futures soared in the first session of November, world exports flat in 2024/25 (Comunicaffe, Nov 2025)",https://www.comunicaffe.com/coffee-futures-prices-soared-in-the-first-session-of-november-world-coffee-exports-flat-in-2024-25/,Arabica exports fell by 1.3% to 84.137 million bags,medium,
exports_ico_group,Arabicas (all arabica groups),CY2023/24,85.28,million 60kg bags,ICO (reported by Comunicaffe),"Coffee futures soared in the first session of November, world exports flat in 2024/25 (Comunicaffe, Nov 2025)",https://www.comunicaffe.com/coffee-futures-prices-soared-in-the-first-session-of-november-world-coffee-exports-flat-in-2024-25/,exports of Arabica totalled 84.14 million bags as compared to 85.28 million bags; whereas Robusta exports amounted to 54.52 million bags as compared to 53.73 million bags,medium,Revised (Nov 2025 vintage). ICO standard trade-statistics wording. Nov 2024 vintage 84.678.
exports_ico_group,Arabicas (all arabica groups),CY2023/24,84.678,million 60kg bags,ICO (reported by Comunicaffe),"ICO Report shows biggest annual increase on record in green coffee exports, I-CIP monthly average down 3.2% in October to 250.56c (Comunicaffe, Nov 2024)",https://www.comunicaffe.com/ico-report-shows-biggest-annual-increase-on-record-for-world-coffee-exports/,"Arabica exports recorded double-digit growth (+15.2%), surging to 84.678 million",medium,Nov 2024 vintage.
exports_ico_group_change_pct,Arabicas (all arabica groups),CY2023/24,15.2,%,ICO (reported by Comunicaffe),"ICO Report shows biggest annual increase on record in green coffee exports, I-CIP monthly average down 3.2% in October to 250.56c (Comunicaffe, Nov 2024)",https://www.comunicaffe.com/ico-report-shows-biggest-annual-increase-on-record-for-world-coffee-exports/,"Arabica exports recorded double-digit growth (+15.2%), surging to 84.678 million",medium,Nov 2024 vintage.
exports_ico_group,Robustas,CY2024/25,54.521,million 60kg bags,ICO (reported by Comunicaffe),"Coffee futures soared in the first session of November, world exports flat in 2024/25 (Comunicaffe, Nov 2025)",https://www.comunicaffe.com/coffee-futures-prices-soared-in-the-first-session-of-november-world-coffee-exports-flat-in-2024-25/,"Global exports of Robusta coffee increased by 1.5% to 54.521 million, compared to 53.735 million in 2023/24",medium,All forms. Nov 2025 vintage.
exports_ico_group,Robustas,CY2023/24,53.735,million 60kg bags,ICO (reported by Comunicaffe),"Coffee futures soared in the first session of November, world exports flat in 2024/25 (Comunicaffe, Nov 2025)",https://www.comunicaffe.com/coffee-futures-prices-soared-in-the-first-session-of-november-world-coffee-exports-flat-in-2024-25/,"Global exports of Robusta coffee increased by 1.5% to 54.521 million, compared to 53.735 million in 2023/24",medium,Revised (Nov 2025 vintage); Nov 2024 vintage 52.595.
exports_ico_group_change_pct,Robustas,CY2024/25,1.5,%,ICO (reported by Comunicaffe),"Coffee futures soared in the first session of November, world exports flat in 2024/25 (Comunicaffe, Nov 2025)",https://www.comunicaffe.com/coffee-futures-prices-soared-in-the-first-session-of-november-world-coffee-exports-flat-in-2024-25/,"Global exports of Robusta coffee increased by 1.5% to 54.521 million, compared to 53.735 million in 2023/24",medium,
exports_ico_group,Robustas,CY2023/24,52.595,million 60kg bags,ICO (reported by Comunicaffe),"ICO Report shows biggest annual increase on record in green coffee exports, I-CIP monthly average down 3.2% in October to 250.56c (Comunicaffe, Nov 2024)",https://www.comunicaffe.com/ico-report-shows-biggest-annual-increase-on-record-for-world-coffee-exports/,Robusta exports reached a new all-time high of 52.595 million (+6.5%),medium,Nov 2024 vintage; described as all-time high at the time.
exports_ico_group_change_pct,Robustas,CY2023/24,6.5,%,ICO (reported by Comunicaffe),"ICO Report shows biggest annual increase on record in green coffee exports, I-CIP monthly average down 3.2% in October to 250.56c (Comunicaffe, Nov 2024)",https://www.comunicaffe.com/ico-report-shows-biggest-annual-increase-on-record-for-world-coffee-exports/,Robusta exports reached a new all-time high of 52.595 million (+6.5%),medium,Nov 2024 vintage.
exports_ico_group,Brazilian Naturals,CY2024/25,42.217,million 60kg bags,ICO (reported by Comunicaffe),"Coffee futures soared in the first session of November, world exports flat in 2024/25 (Comunicaffe, Nov 2025)",https://www.comunicaffe.com/coffee-futures-prices-soared-in-the-first-session-of-november-world-coffee-exports-flat-in-2024-25/,this was offset by a 7.9% decline in Brazilian Naturals to 42.217 million,medium,"All forms (incl. Brazil soluble). Green-bean BN per ICO CMR Oct 2025 = 39.31 (vs 42.5 in 2023/24, -7.6%) - see F_marginal_buyers.csv."
exports_ico_group_change_pct,Brazilian Naturals,CY2024/25,-7.9,%,ICO (reported by Comunicaffe),"Coffee futures soared in the first session of November, world exports flat in 2024/25 (Comunicaffe, Nov 2025)",https://www.comunicaffe.com/coffee-futures-prices-soared-in-the-first-session-of-november-world-coffee-exports-flat-in-2024-25/,this was offset by a 7.9% decline in Brazilian Naturals to 42.217 million,medium,
exports_ico_group,Brazilian Naturals,CY2023/24,45.283,million 60kg bags,ICO (reported by Comunicaffe),"ICO Report shows biggest annual increase on record in green coffee exports, I-CIP monthly average down 3.2% in October to 250.56c (Comunicaffe, Nov 2024)",https://www.comunicaffe.com/ico-report-shows-biggest-annual-increase-on-record-for-world-coffee-exports/,"driven first and foremost by shipments of Brazilian Naturals, which reached the unprecedented volume of 45.283 million (+22.8%)",medium,Nov 2024 vintage; record at the time.
exports_ico_group_change_pct,Brazilian Naturals,CY2023/24,22.8,%,ICO (reported by Comunicaffe),"ICO Report shows biggest annual increase on record in green coffee exports, I-CIP monthly average down 3.2% in October to 250.56c (Comunicaffe, Nov 2024)",https://www.comunicaffe.com/ico-report-shows-biggest-annual-increase-on-record-for-world-coffee-exports/,"driven first and foremost by shipments of Brazilian Naturals, which reached the unprecedented volume of 45.283 million (+22.8%)",medium,Nov 2024 vintage.
exports_ico_group,Colombian Milds,CY2024/25,,million 60kg bags,ICO (reported by Comunicaffe),"Coffee futures soared in the first session of November, world exports flat in 2024/25 (Comunicaffe, Nov 2025)",https://www.comunicaffe.com/coffee-futures-prices-soared-in-the-first-session-of-november-world-coffee-exports-flat-in-2024-25/,Colombian Milds exports reached almost 15 million (+13.5%); Other Milds were close to 27 million (+2.6%),medium,Exact level not captured - text says 'almost 15 million'. Green-bean CM = 13.9 (separate row).
exports_ico_group_change_pct,Colombian Milds,CY2024/25,13.5,%,ICO (reported by Comunicaffe),"Coffee futures soared in the first session of November, world exports flat in 2024/25 (Comunicaffe, Nov 2025)",https://www.comunicaffe.com/coffee-futures-prices-soared-in-the-first-session-of-november-world-coffee-exports-flat-in-2024-25/,Colombian Milds exports reached almost 15 million (+13.5%); Other Milds were close to 27 million (+2.6%),medium,All forms.
exports_ico_group,Other Milds,CY2024/25,,million 60kg bags,ICO (reported by Comunicaffe),"Coffee futures soared in the first session of November, world exports flat in 2024/25 (Comunicaffe, Nov 2025)",https://www.comunicaffe.com/coffee-futures-prices-soared-in-the-first-session-of-november-world-coffee-exports-flat-in-2024-25/,Colombian Milds exports reached almost 15 million (+13.5%); Other Milds were close to 27 million (+2.6%),medium,Exact level not captured - text says 'close to 27 million'.
exports_ico_group_change_pct,Other Milds,CY2024/25,2.6,%,ICO (reported by Comunicaffe),"Coffee futures soared in the first session of November, world exports flat in 2024/25 (Comunicaffe, Nov 2025)",https://www.comunicaffe.com/coffee-futures-prices-soared-in-the-first-session-of-november-world-coffee-exports-flat-in-2024-25/,Colombian Milds exports reached almost 15 million (+13.5%); Other Milds were close to 27 million (+2.6%),medium,All forms.
exports_ico_group,Colombian Milds + Other Milds,CY2024/25,41.92,million 60kg bags,ICO (reported by Comunicaffe),"Coffee futures soared in the first session of November, world exports flat in 2024/25 (Comunicaffe, Nov 2025)",https://www.comunicaffe.com/coffee-futures-prices-soared-in-the-first-session-of-november-world-coffee-exports-flat-in-2024-25/,Arabica exports fell by 1.3% to 84.137 million bags ... 7.9% decline in Brazilian Naturals to 42.217 million,medium,DERIVED = Arabicas 84.137 - Brazilian Naturals 42.217 (consistent with 'almost 15' + 'close to 27').
exports_ico_total_green,World,CY2023/24,125.44,million 60kg bags,ICO,"Coffee Market Report - October 2024 (I-CIP retreats, but still supported...)",https://www.icocoffee.org/documents/cy2024-25/cmr-1024-e.pdf,"coffee year 2023/24 was a record year for exports of green beans with 125.44 million bags shipped, the largest volume ever recorded, up 12.4% with a net gain of 13.87 million bags",medium,"Green beans only, Oct 2024 vintage. Implies CY2022/23 ~111.6 (TCTJ reported 110.81). Inconsistent with Oct-2025 CMR wording (next row) unless revised - verify."
exports_ico_total_green,World,CY2024/25,121.26,million 60kg bags,ICO,Coffee Market Report - October 2025,https://www.ico.org/documents/cy2025-26/cmr-1025-e.pdf,"the full-year volume for total green bean exports was down 0.8% at 121.26 million bags, compared with the previous year",low,Search-summary wording only; implies CY2023/24 ~122.2 vs 125.44 in Oct-2024 vintage (possible ICO revision). Verify against CMR Oct 2025 table.
exports_ico_total_green,World,CY2022/23,110.81,million 60kg bags,ICO (reported by Tea & Coffee Trade Journal),Global green coffee exports drop 5.5% for CY 2022/23,https://www.teaandcoffee.net/news/33154/global-green-coffee-exports-drop-5-5-for-cy-2022-23/,Global green coffee exports fell 5.5% to 110.81 million bags in coffee year 2022/23,medium,Green beans; from ICO CMR Oct 2023.
exports_ico_total_green_change_pct,World,CY2022/23,-5.5,%,ICO (reported by Tea & Coffee Trade Journal),Global green coffee exports drop 5.5% for CY 2022/23,https://www.teaandcoffee.net/news/33154/global-green-coffee-exports-drop-5-5-for-cy-2022-23/,Global green coffee exports fell 5.5% to 110.81 million bags in coffee year 2022/23,medium,
exports_ico_group_green,Arabicas (all arabica groups),CY2022/23,67.05,million 60kg bags,ICO,Coffee Market Report - October 2023 (Arabica and Robusta arbitrage remains low as I-CIP ...),https://ico.org/documents/cy2023-24/cmr-1023-e.pdf,total green bean exports of the Arabicas were down 10.1% to 67.05 million bags from 74.63 million bags in coffee year 2021/22,high,Also reported by TCTJ. ICO explanation: 'drawdown of stocks in consuming countries and substitution towards the Robustas are the two main factors' behind the Arabica decline.
exports_ico_group_green,Arabicas (all arabica groups),CY2021/22,74.63,million 60kg bags,ICO,Coffee Market Report - October 2023 (Arabica and Robusta arbitrage remains low as I-CIP ...),https://ico.org/documents/cy2023-24/cmr-1023-e.pdf,total green bean exports of the Arabicas were down 10.1% to 67.05 million bags from 74.63 million bags in coffee year 2021/22,high,Prior-year comparison in same sentence.
exports_ico_group_green_change_pct,Arabicas (all arabica groups),CY2022/23,-10.1,%,ICO,Coffee Market Report - October 2023 (Arabica and Robusta arbitrage remains low as I-CIP ...),https://ico.org/documents/cy2023-24/cmr-1023-e.pdf,total green bean exports of the Arabicas were down 10.1% to 67.05 million bags from 74.63 million bags in coffee year 2021/22,high,SWITCHING EVIDENCE: ICO attributes part of the fall to substitution towards Robustas.
exports_ico_group_green,Robustas,CY2022/23,43.84,million 60kg bags,ICO,Coffee Market Report - November 2023,https://ico.org/documents/cy2023-24/cmr-1123-e.pdf,"Looking at the full year, exports of the Robustas were 43.84 million bags in coffee year 2022/23",low,Page attribution NOT confirmed (search summary; candidate ICO CMRs Oct/Nov 2023). Consistent with 110.81 - 67.05 = 43.76.
exports_ico_group_green,Brazilian Naturals,CY2022/23,34.16,million 60kg bags,ICO,Coffee Market Report - November 2023,https://ico.org/documents/cy2023-24/cmr-1123-e.pdf,Shipments of Brazilian Naturals reached a volume of 34.16 million bags in coffee year 2022/23,low,Page attribution NOT confirmed (search summary). Green-bean basis assumed.
exports_ico_group_green,Colombian Milds,CY2024/25,13.9,million 60kg bags,ICO,Coffee Market Report - October 2025,https://www.ico.org/documents/cy2025-26/cmr-1025-e.pdf,"In coffee year 2024/25, exports of the Colombian Milds totalled 13.9 million bags, of which Colombia accounted for 12.39 million bags",medium,Green beans; search-summary attribution to CMR Oct 2025. F_marginal_buyers.csv reports +11.5% y/y for the same figure.
exports_country_green,Colombia,CY2024/25,12.39,million 60kg bags,ICO,Coffee Market Report - October 2025,https://www.ico.org/documents/cy2025-26/cmr-1025-e.pdf,"In coffee year 2024/25, exports of the Colombian Milds totalled 13.9 million bags, of which Colombia accounted for 12.39 million bags",medium,Green beans.
arabica_share_exports_pct,World (green bean exports),CY2024/25,63.4,%,ICO,Coffee Market Report - October 2025,https://www.ico.org/documents/cy2025-26/cmr-1025-e.pdf,"In coffee year 2024/25, the Arabicas share of the total green bean exports fell to 63.4% from 63.7% in 2023/24",high,Returned by two separate searches.
arabica_share_exports_pct,World (green bean exports),CY2023/24,63.7,%,ICO,Coffee Market Report - October 2025,https://www.ico.org/documents/cy2025-26/cmr-1025-e.pdf,"In coffee year 2024/25, the Arabicas share of the total green bean exports fell to 63.4% from 63.7% in 2023/24",high,
robusta_share_exports_pct,World (green bean exports),CY2024/25,36.6,%,ICO,Coffee Market Report - October 2025,https://www.ico.org/documents/cy2025-26/cmr-1025-e.pdf,"In coffee year 2024/25, the Arabicas share of the total green bean exports fell to 63.4% from 63.7% in 2023/24",medium,DERIVED = 100 - reported Arabica share 63.4.
robusta_share_exports_pct,World (green bean exports),CY2023/24,36.3,%,ICO,Coffee Market Report - October 2025,https://www.ico.org/documents/cy2025-26/cmr-1025-e.pdf,"In coffee year 2024/25, the Arabicas share of the total green bean exports fell to 63.4% from 63.7% in 2023/24",medium,DERIVED = 100 - reported Arabica share 63.7.
robusta_share_exports_pct,"World (ICO statement, basis not stated)",CY2020/21,33.8,%,ICO,"Coffee Report and Outlook, December 2023 (page attribution NOT confirmed)",https://icocoffee.org/documents/cy2023-24/Coffee_Report_and_Outlook_December_2023_ICO.pdf,share of Robustas in world coffee exports increased steadily ... rising from 33.8% in 2020/21 to 39.1% in 2022/23 and to an estimated 39.3% in 2023/24,low,"ICO statement returned by two searches; exact ICO page NOT confirmed (candidates: Coffee Report & Outlook Dec 2023, CMR Dec 2023/Apr 2024/Aug 2024)."
robusta_share_exports_pct,"World (ICO statement, basis not stated)",CY2022/23,39.1,%,ICO,"Coffee Report and Outlook, December 2023 (page attribution NOT confirmed)",https://icocoffee.org/documents/cy2023-24/Coffee_Report_and_Outlook_December_2023_ICO.pdf,share of Robustas in world coffee exports increased steadily ... rising from 33.8% in 2020/21 to 39.1% in 2022/23 and to an estimated 39.3% in 2023/24,low,"ICO statement returned by two searches; exact ICO page NOT confirmed (candidates: Coffee Report & Outlook Dec 2023, CMR Dec 2023/Apr 2024/Aug 2024)."
robusta_share_exports_pct,"World (ICO statement, basis not stated)",CY2023/24,39.3,%,ICO,"Coffee Report and Outlook, December 2023 (page attribution NOT confirmed)",https://icocoffee.org/documents/cy2023-24/Coffee_Report_and_Outlook_December_2023_ICO.pdf,share of Robustas in world coffee exports increased steadily ... rising from 33.8% in 2020/21 to 39.1% in 2022/23 and to an estimated 39.3% in 2023/24,low,"ICO statement returned by two searches; exact ICO page NOT confirmed (candidates: Coffee Report & Outlook Dec 2023, CMR Dec 2023/Apr 2024/Aug 2024). Estimate at time of writing."
robusta_share_exports_pct,World (all forms),CY2024/25,39.32,%,ICO (reported by Comunicaffe),"Coffee futures soared in the first session of November, world exports flat in 2024/25 (Comunicaffe, Nov 2025)",https://www.comunicaffe.com/coffee-futures-prices-soared-in-the-first-session-of-november-world-coffee-exports-flat-in-2024-25/,Robusta exports amounted to 54.52 million bags ... Exports in coffee year 2024/25 ... 138.66 million bags,medium,DERIVED = 54.521 / 138.658 (Nov 2025 vintage).
robusta_share_exports_pct,World (all forms),CY2023/24,38.65,%,ICO (reported by Comunicaffe),"Coffee futures soared in the first session of November, world exports flat in 2024/25 (Comunicaffe, Nov 2025)",https://www.comunicaffe.com/coffee-futures-prices-soared-in-the-first-session-of-november-world-coffee-exports-flat-in-2024-25/,Robusta ... 53.73 million bags ... 139.01 million bags in coffee year 2023/24,medium,DERIVED = 53.735 / 139.015 (Nov 2025 vintage). Nov 2024 vintage gives 52.595/137.273 = 38.31.
exports_ico_12m,Arabicas (all arabica groups),2025-08/2026-07,80.96,million 60kg bags,ICO,Coffee Market Report - August 2026,https://www.ico.org/documents/cy2025-26/cmr-0826-e.pdf,"In the twelve months ending July 2026, exports of Arabica totalled 80.96 million bags compared to 86.37 million bags last year; whereas Robusta exports amounted to 60.01 million bags",medium,ICO trade-statistics wording returned by two searches; summary did not name the page - CMR Aug 2026 reports July-2026 data (ico.org home page also listed). All forms.
exports_ico_12m,Arabicas (all arabica groups),2024-08/2025-07,86.37,million 60kg bags,ICO,Coffee Market Report - August 2026,https://www.ico.org/documents/cy2025-26/cmr-0826-e.pdf,"In the twelve months ending July 2026, exports of Arabica totalled 80.96 million bags compared to 86.37 million bags last year; whereas Robusta exports amounted to 60.01 million bags",medium,ICO trade-statistics wording returned by two searches; summary did not name the page - CMR Aug 2026 reports July-2026 data (ico.org home page also listed). All forms.
exports_ico_12m,Robustas,2025-08/2026-07,60.01,million 60kg bags,ICO,Coffee Market Report - August 2026,https://www.ico.org/documents/cy2025-26/cmr-0826-e.pdf,"In the twelve months ending July 2026, exports of Arabica totalled 80.96 million bags compared to 86.37 million bags last year; whereas Robusta exports amounted to 60.01 million bags",medium,ICO trade-statistics wording returned by two searches; summary did not name the page - CMR Aug 2026 reports July-2026 data (ico.org home page also listed). All forms.
exports_ico_12m,Robustas,2024-08/2025-07,54.67,million 60kg bags,ICO,Coffee Market Report - August 2026,https://www.ico.org/documents/cy2025-26/cmr-0826-e.pdf,whereas Robusta exports amounted to 60.01 million bags compared to 54.67 million bags,medium,ICO trade-statistics wording returned by two searches; summary did not name the page - CMR Aug 2026 reports July-2026 data (ico.org home page also listed). All forms.
robusta_share_exports_pct,"World (all forms, 12 months)",2025-08/2026-07,42.57,%,ICO,Coffee Market Report - August 2026,https://www.ico.org/documents/cy2025-26/cmr-0826-e.pdf,"In the twelve months ending July 2026, exports of Arabica totalled 80.96 million bags compared to 86.37 million bags last year; whereas Robusta exports amounted to 60.01 million bags",medium,"DERIVED = 60.01/(80.96+60.01). Arabica -6.3% y/y, Robusta +9.8% y/y."
robusta_share_exports_pct,"World (all forms, 12 months)",2024-08/2025-07,38.76,%,ICO,Coffee Market Report - August 2026,https://www.ico.org/documents/cy2025-26/cmr-0826-e.pdf,"In the twelve months ending July 2026, exports of Arabica totalled 80.96 million bags compared to 86.37 million bags last year; whereas Robusta exports amounted to 60.01 million bags",medium,DERIVED = 54.67/(86.37+54.67).
exports_ico_12m,Robustas,2020-11/2021-10,47.19,million 60kg bags,ICO,Trade Statistics October 2021 (ICO news page),https://ico.org/show_news.asp?id=770,"In the twelve months ending October 2021, Robusta exports amounted to 47.19 million bags compared to 49.05 million bags",medium,"12-month rolling, not coffee year. Arabica counterpart not captured."
exports_ico_12m,Robustas,2019-11/2020-10,49.05,million 60kg bags,ICO,Trade Statistics October 2021 (ICO news page),https://ico.org/show_news.asp?id=770,"In the twelve months ending October 2021, Robusta exports amounted to 47.19 million bags compared to 49.05 million bags",medium,12-month rolling (prior-year comparison).
exports_ico_ytd_green,Robustas,2023-10/2024-03,25.16,million 60kg bags,ICO,Coffee Market Report - April 2024 (Robustas reach 45-year high),https://www.icocoffee.org/documents/cy2023-24/cmr-0424-e.pdf,"The cumulative total for the first six months of coffee year 2023/24 was up 8.9%, at 25.16 million bags, as compared with 23.1 million bags",medium,"Green bean Robustas, first half CY2023/24; search-summary attribution to CMR Apr 2024."
exports_ico_ytd_green,Robustas,2022-10/2023-03,23.1,million 60kg bags,ICO,Coffee Market Report - April 2024 (Robustas reach 45-year high),https://www.icocoffee.org/documents/cy2023-24/cmr-0424-e.pdf,"The cumulative total for the first six months of coffee year 2023/24 was up 8.9%, at 25.16 million bags, as compared with 23.1 million bags",medium,
exports_ico_monthly_green,Robustas,2024-03,5.04,million 60kg bags,ICO,Coffee Market Report - April 2024 (Robustas reach 45-year high),https://www.icocoffee.org/documents/cy2023-24/cmr-0424-e.pdf,Green bean exports of the Robustas were up 7.8% to 5.04 million bags in March 2024 from 4.68 million bags in March 2023,medium,
exports_ico_monthly_green,Robustas,2023-03,4.68,million 60kg bags,ICO,Coffee Market Report - April 2024 (Robustas reach 45-year high),https://www.icocoffee.org/documents/cy2023-24/cmr-0424-e.pdf,Green bean exports of the Robustas were up 7.8% to 5.04 million bags in March 2024 from 4.68 million bags in March 2023,medium,
exports_robusta_country_monthly,Brazil (conilon),2024-03,0.85,million 60kg bags,ICO,Coffee Market Report - April 2024 (Robustas reach 45-year high),https://www.icocoffee.org/documents/cy2023-24/cmr-0424-e.pdf,"Brazil shipped 0.85 million bags in March 2024 as compared with 0.11 million bags in March 2023, up 686.1%",medium,Robusta-group green exports; Brazil conilon filling Vietnam/Indonesia shortfall.
exports_robusta_country_monthly,Brazil (conilon),2023-03,0.11,million 60kg bags,ICO,Coffee Market Report - April 2024 (Robustas reach 45-year high),https://www.icocoffee.org/documents/cy2023-24/cmr-0424-e.pdf,"Brazil shipped 0.85 million bags in March 2024 as compared with 0.11 million bags in March 2023, up 686.1%",medium,
exports_robusta_country_monthly,Vietnam,2024-03,3.22,million 60kg bags,ICO,Coffee Market Report - April 2024 (Robustas reach 45-year high),https://www.icocoffee.org/documents/cy2023-24/cmr-0424-e.pdf,"Indonesia and Vietnam saw their exports fall by 33.5% and 10.2%, respectively, to 0.31 million bags and 3.22 million bags in March 2024",medium,-10.2% y/y
exports_robusta_country_monthly,Indonesia,2024-03,0.31,million 60kg bags,ICO,Coffee Market Report - April 2024 (Robustas reach 45-year high),https://www.icocoffee.org/documents/cy2023-24/cmr-0424-e.pdf,"Indonesia and Vietnam saw their exports fall by 33.5% and 10.2%, respectively, to 0.31 million bags and 3.22 million bags in March 2024",medium,-33.5% y/y
exports_robusta_country_ytd,Indonesia,2023-10/2024-03,3.04,million 60kg bags,ICO,Coffee Market Report - April 2024 (Robustas reach 45-year high),https://www.icocoffee.org/documents/cy2023-24/cmr-0424-e.pdf,"Indonesia's exports to date in coffee year 2023/24 are down 21.8% at 3.04 million bags, the lowest level since coffee year 2018/19",medium,
exports_ico_monthly_green,Robustas,2025-02,4.71,million 60kg bags,ICO,Coffee Market Report - March 2025,https://www.ico.org/documents/cy2024-25/cmr-0325-e.pdf,Green bean exports of Robustas were up 10.7% to 4.71 million bags in February 2025 from 4.25 million bags in February 2024,medium,Search-summary attribution to CMR Mar 2025.
exports_ico_monthly_green,Robustas,2024-02,4.25,million 60kg bags,ICO,Coffee Market Report - March 2025,https://www.ico.org/documents/cy2024-25/cmr-0325-e.pdf,Green bean exports of Robustas were up 10.7% to 4.71 million bags in February 2025 from 4.25 million bags in February 2024,medium,
exports_robusta_country_monthly,Vietnam,2025-02,3.12,million 60kg bags,ICO,Coffee Market Report - March 2025,https://www.ico.org/documents/cy2024-25/cmr-0325-e.pdf,Indonesia and Vietnam ... increased by 170% and 22.8% ... to 0.39 million bags and 3.12 million bags in February 2025 as compared with 0.15 million bags and 2.54 million bags,medium,
exports_robusta_country_monthly,Vietnam,2024-02,2.54,million 60kg bags,ICO,Coffee Market Report - March 2025,https://www.ico.org/documents/cy2024-25/cmr-0325-e.pdf,Indonesia and Vietnam ... increased by 170% and 22.8% ... to 0.39 million bags and 3.12 million bags in February 2025 as compared with 0.15 million bags and 2.54 million bags,medium,
exports_robusta_country_monthly,Indonesia,2025-02,0.39,million 60kg bags,ICO,Coffee Market Report - March 2025,https://www.ico.org/documents/cy2024-25/cmr-0325-e.pdf,Indonesia and Vietnam ... increased by 170% and 22.8% ... to 0.39 million bags and 3.12 million bags in February 2025 as compared with 0.15 million bags and 2.54 million bags,medium,
exports_robusta_country_monthly,Indonesia,2024-02,0.15,million 60kg bags,ICO,Coffee Market Report - March 2025,https://www.ico.org/documents/cy2024-25/cmr-0325-e.pdf,Indonesia and Vietnam ... increased by 170% and 22.8% ... to 0.39 million bags and 3.12 million bags in February 2025 as compared with 0.15 million bags and 2.54 million bags,medium,
exports_ico_monthly_green,Robustas,2025-07,3.92,million 60kg bags,ICO,Coffee Market Report - August 2025 (I-CIP grows almost 100 US cents/lb in August 2025),https://www.ico.org/documents/cy2024-25/cmr-0825-e.pdf,Exports of Robustas were up 5.2% to 3.92 million bags in July 2025 from 3.73 million bags in July 2024,medium,Search-summary attribution to CMR Aug 2025.
exports_ico_monthly_green,Robustas,2024-07,3.73,million 60kg bags,ICO,Coffee Market Report - August 2025 (I-CIP grows almost 100 US cents/lb in August 2025),https://www.ico.org/documents/cy2024-25/cmr-0825-e.pdf,Exports of Robustas were up 5.2% to 3.92 million bags in July 2025 from 3.73 million bags in July 2024,medium,
exports_ico_monthly_green,Brazilian Naturals,2025-07,2.69,million 60kg bags,ICO,Coffee Market Report - August 2025 (I-CIP grows almost 100 US cents/lb in August 2025),https://www.ico.org/documents/cy2024-25/cmr-0825-e.pdf,Exports of Brazilian Naturals decreased by 16.8% in July 2025 to 2.69 million bags from 3.23 million bags in July 2024,medium,
exports_ico_monthly_green,Brazilian Naturals,2024-07,3.23,million 60kg bags,ICO,Coffee Market Report - August 2025 (I-CIP grows almost 100 US cents/lb in August 2025),https://www.ico.org/documents/cy2024-25/cmr-0825-e.pdf,Exports of Brazilian Naturals decreased by 16.8% in July 2025 to 2.69 million bags from 3.23 million bags in July 2024,medium,
exports_ico_monthly_green,Other Milds,2025-07,2.52,million 60kg bags,ICO,Coffee Market Report - August 2025 (I-CIP grows almost 100 US cents/lb in August 2025),https://www.ico.org/documents/cy2024-25/cmr-0825-e.pdf,exports of Other Milds up 7.3% in July 2025 to 2.52 million bags from 2.35 million bags,medium,
exports_ico_monthly_green,Other Milds,2024-07,2.35,million 60kg bags,ICO,Coffee Market Report - August 2025 (I-CIP grows almost 100 US cents/lb in August 2025),https://www.ico.org/documents/cy2024-25/cmr-0825-e.pdf,exports of Other Milds up 7.3% in July 2025 to 2.52 million bags from 2.35 million bags,medium,
exports_ico_monthly_green,World,2024-09,9.69,million 60kg bags,ICO,"Coffee Market Report - October 2024 (I-CIP retreats, but still supported...)",https://www.icocoffee.org/documents/cy2024-25/cmr-1024-e.pdf,Global green bean exports in September 2024 totalled 9.69 million bags,high,Oct 2024 vintage; Oct 2025 CMR gives 9.96 for Sep 2024 (revision or misreading).
exports_ico_monthly_green,Robustas,2024-09,3.1,million 60kg bags,ICO,"Coffee Market Report - October 2024 (I-CIP retreats, but still supported...)",https://www.icocoffee.org/documents/cy2024-25/cmr-1024-e.pdf,Other Milds increased by 22.9% ... Brazilian Naturals increased by 37.3% to 3.68 million bags ... Robustas were up 15.4% to 3.1 million bags in September 2024,high,Oct 2024 vintage; revised to 2.99 in Oct 2025 CMR.
exports_ico_monthly_green,Brazilian Naturals,2024-09,3.68,million 60kg bags,ICO,"Coffee Market Report - October 2024 (I-CIP retreats, but still supported...)",https://www.icocoffee.org/documents/cy2024-25/cmr-1024-e.pdf,Other Milds increased by 22.9% ... Brazilian Naturals increased by 37.3% to 3.68 million bags ... Robustas were up 15.4% to 3.1 million bags in September 2024,high,
exports_ico_monthly_green,Other Milds,2024-09,1.92,million 60kg bags,ICO,"Coffee Market Report - October 2024 (I-CIP retreats, but still supported...)",https://www.icocoffee.org/documents/cy2024-25/cmr-1024-e.pdf,Other Milds increased by 22.9% ... Brazilian Naturals increased by 37.3% to 3.68 million bags ... Robustas were up 15.4% to 3.1 million bags in September 2024,high,
exports_ico_monthly_green,Robustas,2025-09,3.67,million 60kg bags,ICO,Coffee Market Report - October 2025,https://www.ico.org/documents/cy2025-26/cmr-1025-e.pdf,Robustas were up 23.0% to 3.67 million bags in September 2025 from 2.99 million bags in September 2024,high,
exports_ico_monthly_green,Robustas,2024-09,2.99,million 60kg bags,ICO,Coffee Market Report - October 2025,https://www.ico.org/documents/cy2025-26/cmr-1025-e.pdf,Robustas were up 23.0% to 3.67 million bags in September 2025 from 2.99 million bags in September 2024,medium,Revised (Oct 2025 vintage) vs 3.1 in Oct 2024 CMR.
exports_ico_monthly_green,World,2025-09,9.94,million 60kg bags,ICO,Coffee Market Report - October 2025,https://www.ico.org/documents/cy2025-26/cmr-1025-e.pdf,"In September 2025, global green bean exports totalled 9.94 million bags, compared with 9.96 million bags in September 2024",high,
exports_ico_monthly,Robustas,2020-09,4.0,million 60kg bags,ICO,"Coffee Market Report - October 2020 (September 2020 coffee exports rise, but 2019/20 shipments fell 4.9%)",https://ico.org/documents/cy2020-21/cmr-1020-e.pdf,"Robusta exports rose by 9.6% to 4 million bags, while Arabica shipments fell by 4.1% to 6.17 million bags",high,ICO: 'increased Robusta exports offset a decline in Arabica exports'. Total 10.16m (+0.9%).
exports_ico_monthly,Arabicas (all arabica groups),2020-09,6.17,million 60kg bags,ICO,"Coffee Market Report - October 2020 (September 2020 coffee exports rise, but 2019/20 shipments fell 4.9%)",https://ico.org/documents/cy2020-21/cmr-1020-e.pdf,"Robusta exports rose by 9.6% to 4 million bags, while Arabica shipments fell by 4.1% to 6.17 million bags",high,
exports_ico_monthly,World,2020-09,10.16,million 60kg bags,ICO,"Coffee Market Report - October 2020 (September 2020 coffee exports rise, but 2019/20 shipments fell 4.9%)",https://ico.org/documents/cy2020-21/cmr-1020-e.pdf,Global shipments in September increased by 0.9% to 10.16 million bags as increased Robusta exports offset a decline in Arabica exports,high,
exports_ico_monthly_green,Robustas,2022-10,2.82,million 60kg bags,ICO,Coffee Market Report - November 2022,https://www.ico.org/documents/cy2022-23/cmr-1122-e.pdf,Export of Robustas ... fell by 4.8% to 2.82 million bags from 2.96 million bags in October 2021,medium,
exports_ico_monthly_green,Robustas,2021-10,2.96,million 60kg bags,ICO,Coffee Market Report - November 2022,https://www.ico.org/documents/cy2022-23/cmr-1122-e.pdf,Export of Robustas ... fell by 4.8% to 2.82 million bags from 2.96 million bags in October 2021,medium,
arbitrage_spread,Colombian Milds - Robustas,2024-10,55.17,US cents/lb,ICO,"Coffee Market Report - October 2024 (I-CIP retreats, but still supported...)",https://www.icocoffee.org/documents/cy2024-25/cmr-1024-e.pdf,"the Colombian Milds-Robustas differential expanded by 48.3% from September to October 2024, averaging 55.17 US cents/lb",high,Monthly average of ICO group indicator prices.
arbitrage_spread,Other Milds - Robustas,2024-10,54.89,US cents/lb,ICO,"Coffee Market Report - October 2024 (I-CIP retreats, but still supported...)",https://www.icocoffee.org/documents/cy2024-25/cmr-1024-e.pdf,"the Other Milds-Brazilian Naturals and Other Milds-Robustas differentials moved by -1.5% and 50.6% to 20.97 and 54.89 US cents/lb, respectively",high,+50.6% m/m: arbitrage re-widening as arabica rallied late 2024.
arbitrage_spread,Other Milds - Brazilian Naturals,2024-10,20.97,US cents/lb,ICO,"Coffee Market Report - October 2024 (I-CIP retreats, but still supported...)",https://www.icocoffee.org/documents/cy2024-25/cmr-1024-e.pdf,"the Other Milds-Brazilian Naturals and Other Milds-Robustas differentials moved by -1.5% and 50.6% to 20.97 and 54.89 US cents/lb, respectively",high,
arbitrage_spread,Colombian Milds - Brazilian Naturals,2024-10,21.25,US cents/lb,ICO,"Coffee Market Report - October 2024 (I-CIP retreats, but still supported...)",https://www.icocoffee.org/documents/cy2024-25/cmr-1024-e.pdf,The Colombian Milds-Brazilian Naturals differential contracted by 3.5% to 21.25 US cents/lb,high,
arbitrage_spread,Colombian Milds - Other Milds,2024-10,0.28,US cents/lb,ICO,"Coffee Market Report - October 2024 (I-CIP retreats, but still supported...)",https://www.icocoffee.org/documents/cy2024-25/cmr-1024-e.pdf,The Colombian Milds-Other Milds differential shrank from 0.75 to 0.28 US cents/lb between September and October 2024,high,
arbitrage_spread,Brazilian Naturals - Robustas,2024-10,33.92,US cents/lb,ICO,"Coffee Market Report - October 2024 (I-CIP retreats, but still supported...)",https://www.icocoffee.org/documents/cy2024-25/cmr-1024-e.pdf,Colombian Milds-Robustas ... 55.17 ... Colombian Milds-Brazilian Naturals ... 21.25 US cents/lb,medium,DERIVED = (CM-R) - (CM-BN) = 55.17 - 21.25; identical via Other Milds (54.89 - 20.97).
arbitrage_spread,Brazilian Naturals - Robustas,2022-11,73.95,US cents/lb,ICO,Coffee Market Report - November 2022,https://www.ico.org/documents/cy2022-23/cmr-1122-e.pdf,The Brazilian Naturals-Robusta differential retracted 17.2% to 73.95 US cents/lb,medium,Search-summary attribution to CMR Nov 2022; month = Nov 2022.
arbitrage_spread,Colombian Milds - Robustas,2025-12,191.79,US cents/lb,ICO,Coffee Market Report - December 2025 (group prices as recorded in B_prices.csv),https://www.ico.org/documents/cy2025-26/cmr-1225-e.pdf,The Colombian Milds and Other Milds averaged 382.32 and 381.14 US cents/lb ... Brazilian Naturals ... 355.38 ... the Robustas contracted 11.3% to 190.53 US cents/lb,medium,"DERIVED from ICO monthly group prices recorded in B_prices.csv (CM 382.32, OM 381.14, BN 355.38, R 190.53; Dec 2025)."
arbitrage_spread,Other Milds - Robustas,2025-12,190.61,US cents/lb,ICO,Coffee Market Report - December 2025 (group prices as recorded in B_prices.csv),https://www.ico.org/documents/cy2025-26/cmr-1225-e.pdf,The Colombian Milds and Other Milds averaged 382.32 and 381.14 US cents/lb ... Brazilian Naturals ... 355.38 ... the Robustas contracted 11.3% to 190.53 US cents/lb,medium,"DERIVED from ICO monthly group prices recorded in B_prices.csv (CM 382.32, OM 381.14, BN 355.38, R 190.53; Dec 2025)."
arbitrage_spread,Brazilian Naturals - Robustas,2025-12,164.85,US cents/lb,ICO,Coffee Market Report - December 2025 (group prices as recorded in B_prices.csv),https://www.ico.org/documents/cy2025-26/cmr-1225-e.pdf,The Colombian Milds and Other Milds averaged 382.32 and 381.14 US cents/lb ... Brazilian Naturals ... 355.38 ... the Robustas contracted 11.3% to 190.53 US cents/lb,medium,"DERIVED from ICO monthly group prices recorded in B_prices.csv (CM 382.32, OM 381.14, BN 355.38, R 190.53; Dec 2025)."
price_ratio,Other Milds / Robustas,2025-12,2.00,ratio,ICO,Coffee Market Report - December 2025 (group prices as recorded in B_prices.csv),https://www.ico.org/documents/cy2025-26/cmr-1225-e.pdf,The Colombian Milds and Other Milds averaged 382.32 and 381.14 US cents/lb ... Brazilian Naturals ... 355.38 ... the Robustas contracted 11.3% to 190.53 US cents/lb,medium,"DERIVED from ICO monthly group prices recorded in B_prices.csv (CM 382.32, OM 381.14, BN 355.38, R 190.53; Dec 2025)."
price_ratio,Brazilian Naturals / Robustas,2025-12,1.87,ratio,ICO,Coffee Market Report - December 2025 (group prices as recorded in B_prices.csv),https://www.ico.org/documents/cy2025-26/cmr-1225-e.pdf,The Colombian Milds and Other Milds averaged 382.32 and 381.14 US cents/lb ... Brazilian Naturals ... 355.38 ... the Robustas contracted 11.3% to 190.53 US cents/lb,medium,"DERIVED from ICO monthly group prices recorded in B_prices.csv (CM 382.32, OM 381.14, BN 355.38, R 190.53; Dec 2025)."
arbitrage_spread,Colombian Milds - Robustas,2026-08,206.83,US cents/lb,ICO,Coffee Market Report - August 2026 (group prices as recorded in B_prices.csv),https://www.ico.org/documents/cy2025-26/cmr-0826-e.pdf,Colombian Milds: 387.46 ... Other Milds: 361.31 ... Brazilian Naturals: 322.24 ... Robustas: 180.63 US cents/lb (August 2026),medium,DERIVED from ICO monthly group prices recorded in B_prices.csv (Aug 2026; BN and R rows rated medium there).
arbitrage_spread,Other Milds - Robustas,2026-08,180.68,US cents/lb,ICO,Coffee Market Report - August 2026 (group prices as recorded in B_prices.csv),https://www.ico.org/documents/cy2025-26/cmr-0826-e.pdf,Colombian Milds: 387.46 ... Other Milds: 361.31 ... Brazilian Naturals: 322.24 ... Robustas: 180.63 US cents/lb (August 2026),medium,DERIVED from ICO monthly group prices recorded in B_prices.csv (Aug 2026; BN and R rows rated medium there).
arbitrage_spread,Brazilian Naturals - Robustas,2026-08,141.61,US cents/lb,ICO,Coffee Market Report - August 2026 (group prices as recorded in B_prices.csv),https://www.ico.org/documents/cy2025-26/cmr-0826-e.pdf,Colombian Milds: 387.46 ... Other Milds: 361.31 ... Brazilian Naturals: 322.24 ... Robustas: 180.63 US cents/lb (August 2026),medium,DERIVED from ICO monthly group prices recorded in B_prices.csv (Aug 2026; BN and R rows rated medium there).
price_ratio,Other Milds / Robustas,2026-08,2.00,ratio,ICO,Coffee Market Report - August 2026 (group prices as recorded in B_prices.csv),https://www.ico.org/documents/cy2025-26/cmr-0826-e.pdf,Colombian Milds: 387.46 ... Other Milds: 361.31 ... Brazilian Naturals: 322.24 ... Robustas: 180.63 US cents/lb (August 2026),medium,DERIVED from ICO monthly group prices recorded in B_prices.csv (Aug 2026; BN and R rows rated medium there).
price_ratio,Brazilian Naturals / Robustas,2026-08,1.78,ratio,ICO,Coffee Market Report - August 2026 (group prices as recorded in B_prices.csv),https://www.ico.org/documents/cy2025-26/cmr-0826-e.pdf,Colombian Milds: 387.46 ... Other Milds: 361.31 ... Brazilian Naturals: 322.24 ... Robustas: 180.63 US cents/lb (August 2026),medium,DERIVED from ICO monthly group prices recorded in B_prices.csv (Aug 2026; BN and R rows rated medium there).
price_monthly_ico_robustas,Robustas,2023-12,135.47,US cents/lb,ICO (reported by Tea & Coffee Trade Journal),"Robustas hit a 25-year high, averaging 135.47 US cents/lb in December 2023",https://www.teaandcoffee.net/news/33498/robustas-hit-a-25-year-high-averaging-135-47-us-cents-lb-in-december-2023/,"Robustas hit a 25-year high, averaging 135.47 US cents/lb in December 2023",medium,Headline number.
arbitrage_event,Arabica-Robusta arbitrage (ICO),2023-06,,qualitative,ICO,Coffee Market Report - June 2023,https://icocoffee.org/documents/cy2022-23/cmr-0623-e.pdf,Robustas reach 28-year high amid further narrowing of the ...,medium,ICO CMR headline (as indexed; truncated where shown). Numeric spread for this month not captured.
arbitrage_event,Arabica-Robusta arbitrage (ICO),2023-08,,qualitative,ICO,Coffee Market Report - August 2023,https://ico.org/documents/cy2022-23/cmr-0823-e.pdf,Arabica-Robusta price movements recouple in August,medium,ICO CMR headline (as indexed; truncated where shown). Numeric spread for this month not captured.
arbitrage_event,Arabica-Robusta arbitrage (ICO),2023-10,,qualitative,ICO,Coffee Market Report - October 2023 (Arabica and Robusta arbitrage remains low as I-CIP ...),https://ico.org/documents/cy2023-24/cmr-1023-e.pdf,Arabica and Robusta arbitrage remains low as I-CIP ...,medium,ICO CMR headline (as indexed; truncated where shown). Numeric spread for this month not captured.
arbitrage_event,Arabica-Robusta arbitrage (ICO),2024-04,,qualitative,ICO,Coffee Market Report - April 2024 (Robustas reach 45-year high),https://www.icocoffee.org/documents/cy2023-24/cmr-0424-e.pdf,Robustas reach 45-year high,medium,ICO CMR headline (as indexed; truncated where shown). Numeric spread for this month not captured.
arbitrage_event,Arabica-Robusta arbitrage (ICO),2024-08,,qualitative,ICO,Coffee Market Report - August 2024,https://www.icocoffee.org/documents/cy2023-24/cmr-0824-e.pdf,Robustas at 47-year high for two consecutive months,medium,ICO CMR headline (as indexed; truncated where shown). Numeric spread for this month not captured.
switching_evidence,World (ICO),CY2022/23,,qualitative,ICO,Coffee Market Report - October 2023 (Arabica and Robusta arbitrage remains low as I-CIP ...),https://ico.org/documents/cy2023-24/cmr-1023-e.pdf,drawdown of stocks in consuming countries and substitution towards the Robustas are the two main factors explaining the significant decline in Arabica exports,high,ICO's own explanation of the -10.1% fall in Arabica green exports in CY2022/23.
production_type_ico,Arabica,CY2019/20,95.68,million 60kg bags,ICO (reported by Comunicaffe),"Ico Report: world coffee production to decrease in 2019/20, small deficit expected",https://www.comunicaffe.com/ico-report-world-coffee-production-to-decrease-in-2019-20-small-deficit-expected/,"coffee year 2019/20 was projected at 0.9% lower with a 2.7% decline in Arabica output to 95.68 million bags, while Robusta production was expected to rise by 1.5% to 71.72 million bags",low,First ICO estimate (autumn 2019); summary did not name the page explicitly - matched by article title.
production_type_ico,Robusta,CY2019/20,71.72,million 60kg bags,ICO (reported by Comunicaffe),"Ico Report: world coffee production to decrease in 2019/20, small deficit expected",https://www.comunicaffe.com/ico-report-world-coffee-production-to-decrease-in-2019-20-small-deficit-expected/,"coffee year 2019/20 was projected at 0.9% lower with a 2.7% decline in Arabica output to 95.68 million bags, while Robusta production was expected to rise by 1.5% to 71.72 million bags",low,As above.
robusta_share_production_pct,World (ICO),CY2019/20,42.84,%,ICO (reported by Comunicaffe),"Ico Report: world coffee production to decrease in 2019/20, small deficit expected",https://www.comunicaffe.com/ico-report-world-coffee-production-to-decrease-in-2019-20-small-deficit-expected/,"coffee year 2019/20 was projected at 0.9% lower with a 2.7% decline in Arabica output to 95.68 million bags, while Robusta production was expected to rise by 1.5% to 71.72 million bags",low,DERIVED = 71.72/(95.68+71.72).
robusta_share_production_pct,World (USDA),2024/25,43.41,%,USDA FAS (reported by Comunicaffe; recorded in A_world_balance.csv),"Coffee: World Markets and Trade, June 2025 (as reported by Comunicaffe)",https://www.comunicaffe.com/usda-biannual-report-cuts-estimate-of-world-production-for-2024-25-to-174-4-million/,"Arabica production is estimated at 98.692 million ... Robusta production is up by 5%, to 75.703 million",medium,DERIVED = 75.703/(98.692+75.703); Jun 2025 vintage; values from A_world_balance.csv.
robusta_share_production_pct,World (USDA),2026/27,44.18,%,USDA FAS (reported by Comunicaffe; recorded in A_world_balance.csv),"Coffee: World Markets and Trade, July 2026 (as reported by Comunicaffe)",https://www.comunicaffe.com/usda-world-coffee-production-6-exports-9-and-global-consumption-3-6-set-to-reach-record-levels-in-2026-27,Arabica world production ... all-time high of 105.867 million ... Robusta output ... dropping to 83.8 million,medium,DERIVED = 83.8/(105.867+83.8); Jul 2026 vintage forecast; values from A_world_balance.csv. USDA: 2025/26 robusta output was an all-time high.
exports_country_total,Brazil,2024,50.44,million 60kg bags,Cecafe (reported by Comunicaffe),Cecafe: Brazil's coffee exports reached a new all-time high of 50.44 million bags in 2024,https://www.comunicaffe.com/cecafe-brazils-coffee-exports-reached-a-new-all-time-high-of-50-44-million-bags-in-2024/,Brazil's coffee exports reached a new all-time high of 50.44 million bags in 2024,medium,"Headline number; calendar 2024, all forms."
exports_country_robusta,Brazil (conilon),2024-07/2024-12,5.074338,million 60kg bags,Cecafe (reported by Comunicaffe),Cecafe: Brazil's coffee exports reached a new all-time high of 50.44 million bags in 2024,https://www.comunicaffe.com/cecafe-brazils-coffee-exports-reached-a-new-all-time-high-of-50-44-million-bags-in-2024/,"Robusta shipments reached 5,074,338 bags (+27.8%) in the first half of coffee year 2024/25 (July-December)",low,Page attribution NOT confirmed (search summary; candidates: this Comunicaffe/Cecafe article or USDA Brazil Coffee Annual BR2025-0013). Brazil crop-year basis Jul-Jun.
