country,c2005,c2010,c2015,c2020,c2024,c2025,share2025,cagr_05_25,cagr_05_15,cagr_15_20,cagr_20_25,yoy_2025,delta_05_25,avg_17_19,avg_23_25,chg_spike_3yavg,min_yoy_21_25,down_years_21_25,group
Albania,0.08,0.085,0.1,0.1,0.018,0.02,0.011504037917308975,-6.696700846319259,2.256518256357287,0.0,-27.522033632230446,11.111111111111116,-0.06,0.09833333333333334,0.01933333333333333,-80.33898305084746,-58.823529411764696,4,Emerging importers
Algeria,2.085,1.815,2.32,2.24,2.05,2.05,1.1791638865241698,-0.08460949646497129,1.0737066024425257,-0.6993693462086226,-1.7571011850400553,0.0,-0.03500000000000014,2.2266666666666666,2.0166666666666666,-9.431137724550897,-6.6964285714285925,3,Emerging importers
Angola,0.025,0.026,0.013,0.014,0.01,0.01,0.005752018958654488,-4.478089604767598,-6.330040088279865,1.4931978945393887,-6.508012385152984,0.0,-0.015000000000000001,0.011666666666666667,0.009666666666666665,-17.14285714285716,-30.76923076923077,2,Producing countries
Argentina,0.661,0.81,0.741,0.789,0.881,0.85,0.48892161148563146,1.2653512187965843,1.1490189426919706,1.2632260487978497,1.5005474147217868,-3.518728717366637,0.18899999999999995,0.7896666666666666,0.7936666666666667,0.5065428450823362,-36.21197252208046,2,Emerging importers
Armenia,,0.19,0.19,0.18,0.19,0.19,0.10928836021443526,,,-1.075518913431428,1.087212085035083,0.0,,0.16666666666666666,0.18666666666666668,12.00000000000001,-25.0,1,Emerging importers
Australia,1.13,1.445,1.785,2.055,2.74,2.6,1.495524929250167,4.254484506564338,4.678135307476294,2.8572055564717314,4.817139714001972,-5.109489051094895,1.4700000000000002,1.9666666666666668,2.4766666666666666,25.932203389830487,-7.375271149674633,3,Traditional importers
Benin,0.0,0.0,0.0,0.0,0.0,0.0,0.0,,,,,,0.0,0.0,0.0,,,0,Emerging importers
Bolivia,0.08,0.075,0.049,0.057,0.045,0.045,0.02588408531394519,-2.835834213692645,-4.783851707699183,3.0708256851391225,-4.617756873980916,0.0,-0.035,0.06166666666666667,0.04466666666666667,-27.567567567567565,-12.00000000000001,3,Producing countries
Bosnia and Herzegovina,0.36,0.3,0.36,0.345,0.29,0.3,0.17256056875963463,-0.9074652376924619,0.0,-0.8475799035301268,-2.756533520359794,3.4482758620689724,-0.06,0.3383333333333334,0.29666666666666663,-12.315270935960609,-11.594202898550721,3,Emerging importers
Brazil,15.915,19.42,20.855,22.28,21.97,22.28,12.815498239882201,1.6963643560738983,2.7401877719519296,1.330689655330075,0.0,1.4110150204824867,6.365000000000002,22.871333333333336,22.136666666666667,-3.2121724429416854,-1.2917594654788367,2,Producing countries
Burundi,0.002,0.008,0.005,0.015,0.015,0.0,0.0,,9.595822638521723,24.57309396155174,,-100.0,-0.002,0.005,0.01,100.0,-100.0,1,Producing countries
Cameroon,0.075,0.075,0.08,0.08,0.075,0.075,0.04314014218990866,0.0,0.6474723092555479,0.0,-1.2824757082590121,0.0,0.0,0.07833333333333332,0.07666666666666666,-2.127659574468077,-6.25,2,Producing countries
Canada,3.205,4.245,4.545,4.995,5.11,5.2,2.991049858500334,2.4492457724248906,3.5548837270261036,1.9061327969467579,0.8076684549358504,1.7612524461839474,1.995,4.821666666666666,5.096666666666667,5.703422053231955,-4.127579737335829,2,Traditional importers
Central African Republic,0.025,0.03,0.004,0.0,0.0,0.0,0.0,,-16.74467925981269,,,,-0.025,0.0016666666666666668,0.0,-100.0,,0,Producing countries
Chile,0.235,0.2,0.25,0.215,0.25,0.23,0.13229643604905322,-0.1074732322142502,0.6206722743225646,-2.9714167243023115,1.357963306236698,-7.9999999999999964,-0.004999999999999977,0.24333333333333332,0.2283333333333333,-6.164383561643838,-21.153846153846157,3,Emerging importers
China,0.198,1.109,2.487,4.48,6.123,5.85,3.364931090812875,18.447127724176294,28.795609750204054,12.491691131630978,5.481323515057079,-4.45859872611466,5.651999999999999,3.111666666666667,5.9126666666666665,90.01606855918584,-4.45859872611466,1,Emerging importers
Colombia,1.302,1.12,1.415,2.08,2.15,2.27,1.3057083036145687,2.818376870183492,0.8357529505792272,8.009356595129047,1.7636098934138866,5.581395348837215,0.968,1.7833333333333332,2.215,24.205607476635514,-3.370786516853941,1,Producing countries
Congo (Brazzaville),0.0,0.0,0.0,0.0,0.0,0.0,0.0,,,,,,0.0,0.0,0.0,,,0,Emerging importers
Congo (Kinshasa),0.175,0.2,0.155,0.13,0.1,0.1,0.05752018958654488,-2.7592952852224295,-1.2062740420394125,-3.4566574895582125,-5.111991994525078,0.0,-0.07499999999999998,0.14,0.10833333333333334,-22.619047619047628,-19.999999999999996,2,Producing countries
Costa Rica,0.368,0.433,0.385,0.485,0.335,0.305,0.17543657823896186,-0.9344623169336819,0.45262522866005295,4.726406516979642,-8.859455228494795,-8.955223880597018,-0.063,0.42333333333333334,0.31233333333333335,-26.220472440944874,-27.835051546391753,3,Producing countries
Cote d'Ivoire,0.3,0.3,0.075,0.045,0.055,0.05,0.02876009479327244,-8.569217323817202,-12.944943670387588,-9.711954855256577,2.1295687600135116,-9.090909090909083,-0.25,0.06333333333333334,0.05166666666666667,-18.42105263157895,-9.090909090909083,1,Producing countries
Croatia,0.0,0.0,0.0,0.0,0.0,0.0,0.0,,,,,,0.0,0.0,0.0,,,0,Emerging importers
Cuba,0.18,0.115,0.131,0.085,0.089,0.09,0.05176817062789038,-3.40636710751544,-3.127640239283491,-8.287290105999311,1.149727415513624,1.1235955056179803,-0.09,0.08433333333333333,0.08966666666666667,6.324110671936767,-5.882352941176472,2,Producing countries
Dominican Republic,0.262,0.452,0.21,0.11,0.114,0.11,0.06327220854519937,-4.246519325719977,-2.1880763145155413,-12.131203503623523,0.0,-3.508771929824561,-0.15200000000000002,0.11166666666666668,0.11233333333333334,0.5970149253731405,-3.508771929824561,2,Producing countries
Ecuador,0.145,0.205,0.265,0.229,0.363,0.375,0.2157007109495433,4.865628304045355,6.215472931073807,-2.877931886198659,10.366979510944162,3.3057851239669533,0.23,0.26166666666666666,0.367,40.25477707006368,-10.48034934497818,1,Producing countries
Egypt,0.08,0.25,0.525,0.4,1.175,1.0,0.5752018958654488,13.460710977202318,20.6999059356757,-5.293423548032761,20.11244339814313,-14.893617021276595,0.92,0.7916666666666666,0.9416666666666668,18.947368421052644,-27.77777777777778,2,Emerging importers
El Salvador,0.196,0.347,0.275,0.221,0.302,0.322,0.1852150104686745,2.513247107800476,3.444561325441642,-4.2779665296990395,7.818359506370864,6.622516556291402,0.126,0.26899999999999996,0.3096666666666667,15.117719950433738,-1.8099547511312264,2,Producing countries
Equatorial Guinea,0.0,0.0,0.0,0.0,0.0,0.0,0.0,,,,,,0.0,0.0,0.0,,,0,Emerging importers
Ethiopia,1.826,2.86,3.11,3.0,3.625,3.7,2.1282470147021604,3.5941061602472013,5.469275223345504,-0.7176214622575339,4.2836189040638795,2.0689655172413834,1.874,3.161,3.608333333333333,14.15163977644205,1.9619500594530326,0,Producing countries
European Union,43.675,41.35,44.095,41.271,41.211,41.87,24.083703379886337,-0.21080886528150877,0.0957512254445847,-1.3150037358799493,0.28860578460907504,1.5990876222367723,-1.8049999999999997,41.47366666666667,40.897999999999996,-1.3880293519582754,-10.976020855338565,1,Traditional importers
Gabon,0.0,0.0,0.0,0.0,0.0,0.0,0.0,,,,,,0.0,0.0,0.0,,,0,Emerging importers
Georgia,0.025,0.055,0.075,0.085,0.075,0.08,0.0460161516692359,5.988195688150011,11.612317403390438,2.534857565773274,-1.2051713658030372,6.666666666666665,0.055,0.08333333333333333,0.07833333333333332,-6.000000000000005,-15.789473684210531,2,Emerging importers
Ghana,0.001,0.001,0.002,0.0,0.0,0.0,0.0,,7.177346253629313,,,,-0.001,0.001,0.0,-100.0,,0,Producing countries
Guatemala,0.35,0.425,0.43,0.609,0.733,0.72,0.41414536502312305,3.672416734421957,2.07985421067578,7.208635217281922,3.4053575796056057,-1.7735334242837686,0.37,0.5383333333333333,0.7236666666666668,34.42724458204336,-4.0000000000000036,2,Producing countries
Guinea,0.05,0.03,0.02,0.01,0.015,0.015,0.00862802843798173,-5.8422520147591195,-8.755646344451918,-12.944943670387588,8.447177119769854,0.0,-0.035,0.02,0.015,-25.0,0.0,0,Producing countries
Guyana,0.0,0.0,0.0,0.0,0.0,0.0,0.0,,,,,,0.0,0.0,0.0,,,0,Emerging importers
Haiti,0.34,0.343,0.015,0.0,0.0,0.0,0.0,,-26.808401167176065,,,,-0.34,0.0,0.0,,,0,Producing countries
Honduras,0.28,0.286,0.345,0.369,0.335,0.335,0.19269263511492535,0.9007370833792994,2.109489839992462,1.3541309573408933,-1.9147534273739386,0.0,0.05499999999999999,0.36866666666666664,0.33666666666666667,-8.679927667269439,-7.35694822888282,3,Producing countries
India,1.364,1.231,1.25,1.18,1.3,1.36,0.7822745783770103,-0.014683220276223707,-0.8689824121845935,-1.1459654731293067,2.8801005912633793,4.615384615384621,-0.0040000000000000036,1.2116666666666667,1.3033333333333335,7.565337001375516,-25.847457627118644,1,Producing countries
Indonesia,1.695,1.65,3.175,4.45,4.873,4.81,2.766721119112808,5.353451628284511,6.47739138402017,6.985089978261039,1.5680262728063443,-1.2928380874204892,3.1149999999999993,4.253333333333333,4.819333333333333,13.30721003134796,-1.2928380874204892,1,Producing countries
Iran,,0.245,0.295,0.425,0.855,0.9,0.5176817062789039,,,7.575502352793806,16.190525490599008,5.263157894736836,,0.51,0.9316666666666666,82.6797385620915,-17.78846153846154,1,Emerging importers
Jamaica,0.011,0.005,0.005,0.004,0.004,0.005,0.002876009479327244,-3.865589849328299,-7.581751849824303,-4.3647500209963,4.563955259127317,25.0,-0.005999999999999999,0.005,0.004666666666666667,-6.666666666666665,-19.999999999999996,1,Producing countries
Japan,7.275,7.015,8.06,7.354,6.528,6.718,3.864206336424085,-0.3974745796887946,1.0299654370921507,-1.816679237999641,-1.7928122540936675,2.9105392156862697,-0.5570000000000004,7.9126666666666665,6.747333333333334,-14.72744123346532,-6.68953687821614,3,Traditional importers
Jordan,0.18,0.34,0.58,0.845,0.8,0.95,0.5464418010721763,8.673224895144527,12.412743936792925,7.816627521627906,2.37015933942768,18.74999999999998,0.77,0.7933333333333333,0.8649999999999999,9.03361344537814,-13.609467455621305,3,Emerging importers
Kazakhstan,0.21,0.19,0.13,0.21,0.52,0.4,0.23008075834617953,3.274246459271657,-4.682552089121317,10.066508085209659,13.754383035188301,-23.076923076923073,0.19000000000000003,0.18499999999999997,0.4183333333333333,126.12612612612612,-32.99999999999999,2,Emerging importers
Kenya,0.02,0.05,0.037,0.081,0.058,0.062,0.035662517543657825,5.820079797480515,6.345023813903006,16.96519762984572,-5.205894215159191,6.896551724137923,0.041999999999999996,0.045000000000000005,0.05833333333333333,29.629629629629605,-40.74074074074075,2,Producing countries
"Korea, South",1.455,1.91,2.465,2.995,3.365,3.4,1.9556864459425258,4.335186379272948,5.41329605443015,3.9719000496445833,2.5690700717436066,1.0401188707280795,1.9449999999999998,2.7983333333333333,3.3716666666666666,20.488385944014297,-6.754772393538911,1,Emerging importers
Kosovo,0.05,0.05,0.12,0.07,0.065,0.07,0.04026413271058142,1.696592574647271,9.149342561789698,-10.219223176287473,0.0,7.692307692307709,0.020000000000000004,0.09833333333333334,0.06833333333333334,-30.508474576271183,-7.692307692307699,3,Emerging importers
Laos,0.167,0.1,0.1,0.085,0.08,0.08,0.0460161516692359,-3.6129528330144156,-4.99896147857859,-3.1981214997518603,-1.2051713658030372,0.0,-0.08700000000000001,0.09833333333333334,0.08,-18.644067796610177,-5.882352941176472,1,Producing countries
Liberia,0.005,0.0,0.0,0.0,0.0,0.0,0.0,,,,,,-0.005,0.0,0.0,,,0,Producing countries
Madagascar,0.475,0.455,0.208,0.27,0.08,0.2,0.11504037917308976,-4.232793514588273,-7.926008103065508,5.356197037534094,-5.825516650174434,150.0,-0.27499999999999997,0.26666666666666666,0.19299999999999998,-27.62500000000001,-73.24414715719062,2,Producing countries
Malawi,0.001,0.001,0.001,0.0,0.0,0.0,0.0,,0.0,,,,-0.001,0.001,0.0,-100.0,,0,Producing countries
Malaysia,0.39,0.455,0.665,0.8,0.47,0.5,0.2876009479327244,1.2500554816099463,5.48135591785317,3.765663726320523,-8.971789848695988,6.382978723404253,0.10999999999999999,0.695,0.4566666666666667,-34.292565947242196,-40.74074074074075,3,Producing countries
Mexico,1.9,2.62,2.325,2.589,3.1,3.1,1.7831258771828913,2.47794423754506,2.0391742957805103,2.1743347288646797,3.6682885050953074,0.0,1.2000000000000002,2.4983333333333335,3.1,24.082721814543028,0.0,0,Producing countries
Montenegro,0.165,0.155,0.045,0.04,0.04,0.04,0.02300807583461795,-6.840145331105862,-12.184160598627724,-2.3281316138826114,0.0,0.0,-0.125,0.041666666666666664,0.04,-3.9999999999999925,0.0,0,Emerging importers
Morocco,0.53,0.555,0.67,0.88,1.005,1.06,0.6097140096173758,3.5264923841377582,2.3716948149264727,5.6042931215098735,3.792181163298758,5.472636815920406,0.53,0.7933333333333333,0.9683333333333333,22.058823529411754,-18.686868686868685,1,Emerging importers
New Caledonia,0.0,0.0,0.0,0.0,0.0,0.0,0.0,,,,,,0.0,0.0,0.0,,,0,Emerging importers
New Zealand,0.26,0.285,0.358,0.525,0.505,0.505,0.2904769574120516,3.3750902006427497,3.2502157602498416,7.958105650755987,-0.7737873980278476,0.0,0.245,0.4366666666666667,0.49066666666666664,12.36641221374044,-10.29126213592233,2,Traditional importers
Nicaragua,0.195,0.13,0.16,0.175,0.16,0.16,0.0920323033384718,-0.9842529277440781,-1.9588183172304152,1.808400232019891,-1.7762780162526637,0.0,-0.035,0.16666666666666666,0.16,-3.9999999999999925,-6.060606060606066,2,Producing countries
Nigeria,0.05,0.028,0.019,0.0,0.0,0.0,0.0,,-9.22247042302089,,,,-0.05,0.001,0.0,-100.0,,0,Producing countries
North Macedonia,0.11,0.105,0.105,0.09,0.075,0.085,0.048892161148563144,-1.280871657629279,-0.46411977638062263,-3.0359733904420927,-1.136658936104351,13.333333333333353,-0.024999999999999994,0.10166666666666668,0.08166666666666667,-19.672131147540995,-14.444444444444438,2,Emerging importers
Norway,0.695,0.795,0.785,0.815,0.805,0.81,0.46591353565101357,0.7685503131409144,1.2251631031264587,0.7529081154588058,-0.12300160242795233,0.6211180124223503,0.1150000000000001,0.7783333333333333,0.7816666666666667,0.4282655246252709,-7.975460122699385,2,Traditional importers
Panama,0.07,0.083,0.075,0.097,0.1,0.17,0.09778432229712629,4.536401006226942,0.6923142059345189,5.279083163057829,11.875615437529131,70.0,0.1,0.08433333333333333,0.14700000000000002,74.30830039525695,-41.52046783625731,1,Producing countries
Papua New Guinea,0.025,0.03,0.06,0.05,0.05,0.0,0.0,,9.149342561789698,-3.5807495997372762,,-100.0,-0.025,0.050333333333333334,0.03333333333333333,-33.7748344370861,-100.0,2,Producing countries
Paraguay,0.035,0.0,0.0,0.0,0.0,0.0,0.0,,,,,,-0.035,0.0,0.0,,,0,Producing countries
Peru,0.165,0.17,0.16,0.222,0.292,0.3,0.17256056875963463,3.0343096360695654,-0.3072436244311083,6.769349892856424,6.207125806326297,2.7397260273972712,0.13499999999999998,0.18666666666666665,0.2913333333333333,56.07142857142855,-2.0408163265306145,1,Producing countries
Philippines,1.21,2.825,6.21,6.585,6.19,6.75,3.882612797091779,8.974759724275971,17.76890118373975,1.1795715010042729,0.4961903611009122,9.04684975767367,5.54,6.265000000000001,6.510000000000001,3.910614525139655,-10.08344923504868,2,Producing countries
Russia,3.585,4.355,4.395,4.165,4.45,4.575,2.6315486735844282,1.2267041679582036,2.0579808711406855,-1.0692673662956342,1.8955501630010252,2.8089887640449396,0.9900000000000002,4.678333333333334,4.425,-5.415033843961536,-2.6410564225690325,1,Emerging importers
Rwanda,0.0,0.0,0.0,0.0,0.0,0.0,0.0,,,,,,0.0,0.0,0.0,,,0,Producing countries
Saudi Arabia,0.545,0.565,0.785,1.2,1.475,1.5,0.8628028437981732,5.1924905982051905,3.7163716920000978,8.858493015813984,4.563955259127317,1.6949152542372836,0.955,0.985,1.45,47.20812182741116,-5.000000000000004,2,Emerging importers
Senegal,,,0.105,0.085,0.025,0.01,0.005752018958654488,,,-4.138123663706228,-34.819721036862326,-60.00000000000001,,0.07166666666666667,0.013333333333333334,-81.3953488372093,-70.0,4,Emerging importers
Serbia,0.625,0.7,0.715,0.835,0.675,0.75,0.4314014218990866,0.9157755827613023,1.3543989272664536,3.1516280192093404,-2.1242827680973075,11.111111111111093,0.125,0.7766666666666667,0.7216666666666667,-7.081545064377693,-11.976047904191612,3,Emerging importers
Sierra Leone,0.035,0.02,0.02,0.015,0.01,0.01,0.005752018958654488,-6.071670665742834,-5.442453465734365,-5.591248870509801,-7.7892088518272224,0.0,-0.025,0.02033333333333333,0.01,-50.81967213114753,-33.33333333333333,1,Producing countries
Singapore,0.24,0.025,0.14,0.09,0.1,0.105,0.06039619906587212,-4.04913309981233,-5.247281398520009,-8.457473433049822,3.131030647754507,4.999999999999982,-0.135,0.12833333333333333,0.09999999999999999,-22.077922077922086,-13.636363636363635,1,Emerging importers
South Africa,0.42,0.535,0.6,0.715,0.75,0.705,0.4055173365851414,2.623539943190112,3.6311209910314224,3.5692802824401904,-0.28129841012806134,-6.000000000000005,0.285,0.695,0.6916666666666668,-0.47961630695441126,-26.136363636363637,3,Emerging importers
Sri Lanka,0.035,0.0,0.0,0.0,0.0,0.0,0.0,,,,,,-0.035,0.0,0.0,,,0,Producing countries
Switzerland,0.9,1.06,1.095,1.18,1.215,1.3,0.7477624646250834,1.8556306600856498,1.9805056439669677,1.5064355626426051,1.9558780116283092,6.995884773662553,0.4,1.0966666666666667,1.203,9.696048632218845,-5.689655172413777,2,Traditional importers
Taiwan,0.175,0.305,0.535,0.66,0.82,0.84,0.48316959252697694,8.158850220871594,11.823111735238601,4.288886551658777,4.941452284458392,2.4390243902439046,0.665,0.63,0.7999999999999999,26.984126984126977,-0.7194244604316502,1,Emerging importers
Tanzania,0.025,0.035,0.052,0.075,0.077,0.085,0.048892161148563144,6.309957823502099,7.598528863231135,7.599829696383686,2.534857565773274,10.389610389610393,0.060000000000000005,0.05000000000000001,0.07966666666666666,59.33333333333331,-46.666666666666664,1,Producing countries
Thailand,0.49,0.485,0.555,0.65,0.93,0.925,0.5320617536755401,3.227945209852634,1.2534174745673532,3.2105458005799337,7.311354150601401,-0.5376344086021501,0.43500000000000005,0.735,0.9116666666666667,24.036281179138342,-0.5376344086021501,1,Producing countries
Togo,0.002,0.0,0.0,0.0,0.0,0.0,0.0,,,,,,-0.002,0.0,0.0,,,0,Producing countries
Trinidad and Tobago,0.01,0.0,0.0,0.0,0.0,0.0,0.0,,,,,,-0.01,0.0,0.0,,,0,Producing countries
Turkey,0.2,0.34,0.71,1.165,1.82,1.75,1.0066033177645353,11.45521722753049,13.50704963756626,10.411297957771183,8.478188613865733,-3.8461538461538547,1.55,1.095,1.705,55.707762557077636,-3.8461538461538547,2,Emerging importers
Uganda,0.12,0.15,0.25,0.1,0.325,0.33,0.1898166256355981,5.188105841877655,7.61575979471103,-16.74467925981269,26.970487769000417,1.538461538461533,0.21000000000000002,0.19999999999999998,0.32666666666666666,63.33333333333335,0.0,0,Producing countries
Ukraine,1.63,1.685,0.97,1.235,1.07,1.175,0.6758622276419023,-1.623240459895181,-5.057991937517015,4.949178794060982,-0.9911122367556424,9.81308411214954,-0.45499999999999985,1.1733333333333333,1.115,-4.9715909090909065,-16.153846153846153,2,Emerging importers
United Kingdom,,,,2.955,4.495,4.33,2.490624209097393,,,,7.940911776146264,-3.6707452725250334,,3.763333333333333,4.338333333333334,15.279007971656355,-3.6707452725250334,2,Traditional importers
United States,22.066,22.383,25.083,25.922,26.22,26.55,15.271610335227665,0.9292498915133729,1.2897703392826143,0.6602038641773555,0.47990223356579875,1.258581235697953,4.484000000000002,26.256,25.438333333333333,-3.1142088157627534,-7.806649692975876,2,Traditional importers
Uruguay,,0.015,0.02,0.035,0.035,0.035,0.02013206635529071,,,11.842691472014465,0.0,0.0,,0.02,0.035,75.00000000000003,-12.49999999999999,1,Emerging importers
Venezuela,0.88,1.305,1.151,0.48,0.5,0.5,0.2876009479327244,-2.7869953185840513,2.7210062676553237,-16.047587116353856,0.8197818497166498,0.0,-0.38,1.0023333333333333,0.5,-50.11639507815098,0.0,0,Producing countries
Vietnam,0.665,1.337,2.63,2.72,4.8,4.9,2.818489289740699,10.501639523031137,14.739620815443022,0.6752301507851888,12.492983515665834,2.083333333333348,4.235,2.973333333333333,4.533333333333333,52.46636771300448,0.0,0,Producing countries
Yemen,0.159,0.125,0.0,0.0,0.0,0.0,0.0,,,,,,-0.159,0.0,0.0,,,0,Producing countries
Yemen (Sanaa),,,,,,,,,,,,,,,,,,0,Emerging importers
Zambia,0.001,0.0,0.0,0.0,0.0,0.0,0.0,,,,,,-0.001,0.0,0.0,,,0,Producing countries
Zimbabwe,0.004,0.0,0.0,0.0,0.0,0.0,0.0,,,,,,-0.004,0.0,0.0,,,0,Producing countries
World,125.15100000000002,135.508,153.18599999999998,162.093,171.556,173.852,100.0,1.6569951460419396,2.0418855962774707,1.136760071470544,1.4105378758055398,1.3383385017137206,48.70099999999998,162.995,169.792,4.170066566459085,-2.8360809225262518,1,Emerging importers
EU-27 + UK,43.675,41.35,44.095,44.226,45.705999999999996,46.199999999999996,26.57432758898373,0.28141494086437735,0.0957512254445847,0.05934668508214003,0.877163663688818,1.0808208987879153,2.5249999999999986,45.237,45.23633333333333,-0.001473719890077163,-9.641685747880436,1,Traditional importers
