country,1960,1961,1962,1963,1964,1965,1966,1967,1968,1969,1970,1971,1972,1973,1974,1975,1976,1977,1978,1979,1980,1981,1982,1983,1984,1985,1986,1987,1988,1989,1990,1991,1992,1993,1994,1995,1996,1997,1998,1999,2000,2001,2002,2003,2004,2005,2006,2007,2008,2009,2010,2011,2012,2013,2014,2015,2016,2017,2018,2019,2020,2021,2022,2023,2024,2025
Albania,,,,,,,,,,,,,,,,,,,,,,,,,,,,,,,,,,,,,,,,,,,,,,0.0,0.0,0.0,0.0,0.0,0.0,0.0,0.0,0.0,0.0,0.0,0.0,0.0,0.0,0.0,0.0,0.0,0.0,0.0,0.0,0.0
Algeria,,,,,,,,,,,,,,,,,,,,,,,,,,,,,,,,,,,,,,,,,,,0.0,0.0,0.0,0.0,0.0,0.0,0.0,0.0,0.0,0.0,0.0,0.0,0.0,0.0,0.0,0.0,0.0,0.0,0.0,0.0,0.0,0.0,0.0,0.0
Angola,2.5,2.8,2.5,2.691,2.487,3.057,3.691,3.458,3.525,3.368,2.794,3.88,4.063,3.547,3.192,1.1,1.011,0.92,0.613,0.26,0.586,0.392,0.33,0.26,0.23,0.25,0.25,0.27,0.2,0.17,0.1,0.08,0.08,0.033,0.1,0.062,0.071,0.064,0.085,0.055,0.05,0.021,0.057,0.038,0.015,0.025,0.035,0.03,0.03,0.03,0.025,0.035,0.029,0.031,0.03,0.025,0.02,0.019,0.02,0.032,0.03,0.03,0.02,0.03,0.045,0.05
Argentina,,,,,,,,,,,,,,,,,,,,,,,,,,,,,,,,,,,,,,,,,,,0.0,0.0,0.0,0.0,0.0,0.0,0.0,0.0,0.0,0.0,0.0,0.0,0.0,0.0,0.0,0.0,0.0,0.0,0.0,0.0,0.0,0.0,0.0,0.0
Armenia,,,,,,,,,,,,,,,,,,,,,,,,,,,,,,,,,,,,,,,,,,,,,,,,,,,0.0,0.0,0.0,0.0,0.0,0.0,0.0,0.0,0.0,0.0,0.0,0.0,0.0,0.0,0.0,0.0
Australia,,,,,,,,,,,,,,,,,,,,,,,,,,,,,,,,,,,,,,,,,,,0.0,0.0,0.0,0.0,0.0,0.0,0.0,0.0,0.0,0.0,0.0,0.0,0.0,0.0,0.0,0.0,0.0,0.0,0.0,0.0,0.0,0.0,0.0,0.0
Benin,0.036,0.03,0.018,0.02,0.012,0.011,0.018,0.007,0.028,0.009,0.021,0.043,0.009,0.023,0.049,0.019,0.017,0.003,0.003,0.005,0.036,0.037,0.05,0.055,0.055,0.025,0.02,0.03,0.04,0.035,0.035,0.035,0.035,,,,,,,,,,,0.0,,0.0,0.0,0.0,0.0,0.0,0.0,0.0,0.0,0.0,0.0,0.0,0.0,0.0,0.0,0.0,0.0,0.0,0.0,0.0,0.0,0.0
Bolivia,0.028,0.034,0.038,0.038,0.058,0.059,0.072,0.092,0.059,0.069,0.086,0.092,0.088,0.089,0.1,0.124,0.108,0.118,0.122,0.129,0.145,0.135,0.155,0.15,0.14,0.15,0.157,0.16,0.17,0.17,0.19,0.2,0.085,0.058,0.123,0.151,0.133,0.153,0.15,0.184,0.173,0.118,0.149,0.125,0.165,0.135,0.152,0.14,0.135,0.14,0.125,0.14,0.115,0.128,0.1,0.08,0.075,0.085,0.085,0.085,0.08,0.085,0.09,0.07,0.085,0.08
Bosnia and Herzegovina,,,,,,,,,,,,,,,,,,,,,,,,,,,,,,,,,,,,,,,,,,,,,,0.0,0.0,0.0,0.0,0.0,0.0,0.0,0.0,0.0,0.0,0.0,0.0,0.0,0.0,0.0,0.0,0.0,0.0,0.0,0.0,0.0
Brazil,29.8,39.6,28.9,23.2,11.0,37.7,21.0,24.5,17.0,21.0,11.0,24.6,24.5,14.3,27.5,23.0,9.3,17.5,20.0,22.0,21.5,33.0,17.75,30.0,27.0,33.0,13.9,38.0,25.0,26.0,31.0,28.5,24.0,28.5,28.0,16.8,28.0,23.5,35.6,30.8,34.1,35.1,53.6,33.2,43.6,36.1,46.7,39.1,53.3,44.8,54.5,49.2,57.6,57.2,54.3,49.4,56.1,52.1,66.5,60.5,69.9,58.1,62.6,66.3,65.0,63.0
Burundi,0.232,0.217,0.202,0.094,0.266,0.227,0.25,0.215,0.278,0.244,0.371,0.42,0.328,0.359,0.479,0.279,0.359,0.285,0.387,0.466,0.315,0.73,0.34,0.73,0.325,0.535,0.495,0.625,0.605,0.616,0.517,0.562,0.607,0.394,0.664,0.434,0.401,0.297,0.357,0.507,0.446,0.261,0.454,0.338,0.337,0.285,0.287,0.209,0.25,0.3,0.235,0.21,0.235,0.185,0.16,0.24,0.2,0.205,0.205,0.265,0.23,0.165,0.175,0.14,0.115,0.125
Cameroon,0.855,0.543,0.75,0.856,0.863,1.176,1.193,1.204,1.194,1.192,1.18,1.25,1.363,1.553,1.82,1.482,1.307,1.371,1.634,1.658,1.86,1.85,1.83,1.0,2.316,2.067,2.191,1.251,1.76,1.44,1.45,1.92,0.837,0.682,0.403,0.663,1.432,0.889,1.114,1.37,1.113,0.686,0.801,0.9,0.727,0.85,0.835,0.695,0.65,0.59,0.715,0.735,0.535,0.425,0.575,0.625,0.5,0.425,0.45,0.475,0.4,0.275,0.27,0.215,0.205,0.225
Canada,,,,,,,,,,,,,,,,,,,,,,,,,,,,,,,,,,,,,,,,,,,0.0,0.0,0.0,0.0,0.0,0.0,0.0,0.0,0.0,0.0,0.0,0.0,0.0,0.0,0.0,0.0,0.0,0.0,0.0,0.0,0.0,0.0,0.0,0.0
Central African Republic,0.13,0.141,0.099,0.18,0.121,0.183,0.15,0.142,0.155,0.242,0.212,0.195,0.193,0.132,0.194,0.15,0.166,0.165,0.13,0.23,0.277,0.284,0.316,0.15,0.275,0.25,0.255,0.215,0.362,0.3,0.35,0.35,0.2,0.165,0.25,0.108,0.208,0.115,0.214,0.241,0.122,0.075,0.092,0.025,0.02,0.021,0.045,0.05,0.01,0.03,0.027,0.01,0.007,0.006,0.006,0.008,0.005,0.003,0.002,0.0,0.0,0.0,0.0,0.0,0.0,0.0
Chile,,,,,,,,,,,,,,,,,,,,,,,,,,,,,,,,,,,,,,,,,,,0.0,0.0,0.0,0.0,0.0,0.0,0.0,0.0,0.0,0.0,0.0,0.0,0.0,0.0,0.0,0.0,0.0,0.0,0.0,0.0,0.0,0.0,0.0,0.0
China,,,,,,,,,,,,,,,,,,,,,,,,,,,,,,,,,,,,,,,,,,,0.324,0.386,0.361,0.365,0.428,0.433,0.555,1.173,0.827,1.09,1.535,1.947,2.125,1.925,1.9,1.925,1.925,2.0,1.9,1.8,1.8,1.8,1.9,1.9
Colombia,7.26,7.571,7.18,7.556,8.428,8.2,7.6,8.0,7.9,8.45,8.0,7.2,8.6,7.8,9.0,8.5,9.3,11.05,12.6,12.712,13.5,14.342,13.3,13.0,11.0,12.0,11.0,13.0,10.7,13.3,14.5,17.98,14.95,11.4,13.0,12.939,10.779,12.043,10.868,9.512,10.5,11.95,11.712,11.053,11.532,11.953,12.164,12.515,8.664,8.1,8.525,7.655,9.927,12.075,13.3,14.0,14.6,13.825,13.87,14.1,13.4,11.8,10.7,12.76,14.8,13.8
Congo (Brazzaville),0.005,0.008,0.011,0.011,0.008,0.022,0.011,0.016,0.021,0.025,0.016,0.018,0.014,0.008,0.011,0.028,0.033,0.046,0.107,0.043,0.04,0.036,0.032,0.035,0.025,0.02,0.015,0.015,0.025,0.025,0.025,0.025,0.025,0.003,0.008,0.012,0.014,0.003,0.003,0.003,0.003,0.003,0.003,0.0,0.0,0.0,0.0,0.0,0.0,0.0,0.0,0.0,0.0,0.0,0.0,0.0,0.0,0.0,0.0,0.0,0.0,0.0,0.0,0.0,0.0,0.0
Congo (Kinshasa),0.693,0.706,0.867,1.05,0.779,0.684,1.087,1.2,1.167,1.453,1.222,1.335,1.508,1.585,1.276,1.072,1.417,1.129,1.293,1.316,1.526,1.425,1.354,1.35,1.54,1.61,1.875,2.0,1.75,2.0,1.695,1.5,1.79,0.98,1.298,1.099,0.794,0.8,0.644,0.477,0.362,0.42,0.319,0.35,0.26,0.236,0.28,0.315,0.3,0.305,0.265,0.255,0.23,0.24,0.22,0.22,0.23,0.25,0.245,0.255,0.25,0.27,0.255,0.225,0.195,0.2
Costa Rica,0.951,1.073,0.952,1.043,0.845,1.001,1.164,1.313,1.228,1.403,1.295,1.551,1.266,1.539,1.43,1.276,1.331,1.449,1.749,1.522,2.14,1.782,2.3,2.07,2.516,1.514,2.566,2.375,2.758,2.453,2.565,2.53,2.62,2.475,2.492,2.595,2.376,2.455,2.459,2.688,2.502,2.338,2.207,2.106,1.907,1.751,1.782,1.867,1.58,1.475,1.575,1.775,1.675,1.45,1.4,1.625,1.3,1.525,1.25,1.466,1.472,1.215,1.1,1.158,1.298,1.17
Cote d'Ivoire,3.134,1.608,3.14,4.275,3.342,4.343,2.01,4.712,3.328,4.414,3.996,4.544,4.007,4.368,4.486,5.266,4.867,3.123,4.742,3.973,6.09,4.16,4.51,1.42,4.609,4.42,4.405,3.103,3.989,4.734,3.3,3.967,2.5,2.7,3.733,2.9,5.333,4.08,2.217,5.7,5.1,3.568,1.825,2.689,1.801,2.062,2.447,2.098,1.853,2.35,1.6,1.6,1.75,1.675,1.4,1.6,1.09,1.25,2.0,1.775,0.91,1.11,1.02,1.325,0.65,1.3
Croatia,,,,,,,,,,,,,,,,,,,,,,,,,,,,,,,,,,,,,,,,,,,0.0,0.0,0.0,0.0,0.0,0.0,0.0,0.0,0.0,0.0,0.0,0.0,0.0,0.0,0.0,0.0,0.0,0.0,0.0,0.0,0.0,0.0,0.0,0.0
Cuba,0.7,0.75,0.63,0.475,0.6,0.46,0.45,0.45,0.5,0.5,0.475,0.46,0.475,0.5,0.45,0.365,0.4,0.262,0.223,0.372,0.344,0.383,0.3,0.385,0.4,0.396,0.408,0.436,0.45,0.475,0.48,0.45,0.335,0.285,0.284,0.285,0.366,0.3,0.28,0.328,0.313,0.285,0.239,0.224,0.154,0.125,0.1,0.07,0.127,0.12,0.12,0.17,0.125,0.15,0.15,0.15,0.15,0.1,0.11,0.09,0.1,0.1,0.1,0.1,0.1,0.1
Dominican Republic,0.55,0.649,0.625,0.755,0.758,0.709,0.576,0.706,0.602,0.795,0.853,0.768,0.767,0.853,0.883,1.054,0.733,1.062,0.664,1.02,1.105,0.813,1.159,0.871,0.913,0.91,0.786,0.837,0.726,0.756,0.672,0.702,0.682,0.545,0.7,0.795,0.638,0.941,0.422,0.694,0.439,0.435,0.455,0.351,0.491,0.31,0.39,0.465,0.545,0.5,0.5,0.5,0.475,0.275,0.225,0.225,0.225,0.125,0.125,0.12,0.12,0.125,0.125,0.125,0.125,0.125
Ecuador,0.594,0.728,0.626,0.619,0.783,0.96,0.899,1.098,0.974,0.581,1.255,1.027,1.059,1.414,0.961,1.244,1.389,1.434,1.64,1.609,1.517,1.792,1.8,1.38,1.5,1.966,2.268,1.663,2.15,2.15,1.83,1.7,1.56,2.15,2.55,1.9,1.815,1.23,1.322,1.295,1.005,0.91,0.79,0.692,0.733,0.835,0.875,0.825,0.635,0.685,0.65,0.63,0.465,0.22,0.255,0.225,0.17,0.205,0.255,0.275,0.255,0.26,0.354,0.37,0.355,0.35
Egypt,,,,,,,,,,,,,,,,,,,,,,,,,,,,,,,,,,,,,,,,,,,0.0,0.0,0.0,0.0,0.0,0.0,0.0,0.0,0.0,0.0,0.0,0.0,0.0,0.0,0.0,0.0,0.0,0.0,0.0,0.0,0.0,0.0,0.0,0.0
El Salvador,1.452,1.93,1.638,1.904,2.052,1.81,1.935,2.393,1.817,2.468,2.054,2.68,2.238,2.37,3.8,2.03,2.61,2.8,3.423,3.322,2.94,2.886,2.8,2.4,2.68,2.3,2.275,2.538,1.492,2.787,2.603,2.357,2.894,2.361,2.314,2.325,2.498,2.04,1.86,2.612,1.624,1.61,1.351,1.343,1.329,1.387,1.4,1.65,1.55,1.3,1.86,1.2,1.25,0.55,0.7,0.56,0.6,0.66,0.654,0.51,0.54,0.6,0.55,0.604,0.45,0.5
Equatorial Guinea,0.12,0.12,0.12,0.12,0.13,0.126,0.13,0.146,0.126,0.12,0.12,0.116,0.045,0.055,0.07,0.025,0.01,0.01,0.01,0.01,0.015,0.02,0.015,0.015,0.015,0.015,0.018,0.018,0.015,0.015,0.015,0.015,0.015,0.0,0.003,0.002,0.001,0.002,0.001,0.0,0.0,0.0,0.0,0.0,0.0,0.0,0.0,0.0,0.0,0.0,0.0,0.0,0.0,0.0,0.0,0.0,0.0,0.0,0.0,0.0,0.0,0.0,0.0,0.0,0.0,0.0
Ethiopia,1.687,2.007,2.073,2.205,2.416,2.234,2.426,2.153,1.988,2.991,2.589,2.29,2.58,2.187,2.488,2.611,2.782,3.143,3.142,3.188,3.264,3.212,3.35,3.3,2.587,2.833,2.7,3.2,3.4,3.4,3.5,3.0,3.5,3.7,3.8,3.8,3.8,3.833,3.867,3.505,2.768,3.756,3.693,3.875,4.068,4.5,5.0,5.0,5.5,6.0,6.125,6.32,6.5,6.345,6.475,6.51,6.943,7.055,7.35,7.475,7.6,8.15,7.3,9.13,11.1,11.56
European Union,,,,,,,,,,,,,,,,,,,,,,,,,,,,,,,,,,,,,,,,,,,0.0,0.0,0.0,0.0,0.0,0.0,0.0,0.0,0.0,0.0,0.0,0.0,0.0,0.0,0.0,0.0,0.0,0.0,0.0,0.0,0.0,0.0,0.0,0.0
Gabon,0.014,0.019,0.024,0.016,0.024,0.018,0.013,0.016,0.007,0.011,0.017,0.011,0.012,0.006,0.003,0.001,0.007,0.003,0.006,0.008,0.008,0.015,0.029,0.035,0.04,0.025,0.012,0.03,0.035,0.03,0.037,0.025,0.025,0.003,0.008,0.002,0.002,0.003,0.004,0.002,0.0,0.001,0.001,0.0,,0.0,0.0,0.0,0.0,0.0,0.0,0.0,0.0,0.0,0.0,0.0,0.0,0.0,0.0,0.0,0.0,0.0,0.0,0.0,0.0,0.0
Georgia,,,,,,,,,,,,,,,,,,,,,,,,,,,,,,,,,,,,,,,,,,,,,,0.0,0.0,0.0,0.0,0.0,0.0,0.0,0.0,0.0,0.0,0.0,0.0,0.0,0.0,0.0,0.0,0.0,0.0,0.0,0.0,0.0
Ghana,0.054,0.038,0.04,0.116,0.032,0.1,0.066,0.113,0.092,0.083,0.039,0.058,0.06,0.061,0.078,0.056,0.07,0.032,0.031,0.035,0.027,0.035,0.023,0.02,0.015,0.015,0.018,0.014,0.017,0.017,0.035,0.032,0.02,0.046,0.057,0.057,0.032,0.028,0.055,0.089,0.076,0.013,0.029,0.017,0.013,0.017,0.029,0.027,0.019,0.03,0.057,0.07,0.03,0.006,0.004,0.001,0.001,0.001,0.0,0.0,0.0,0.0,0.0,0.0,0.0,0.0
Guatemala,1.5,1.7,1.929,1.712,1.66,2.095,1.726,1.792,1.716,1.941,1.965,2.099,2.133,2.352,2.386,2.043,2.213,2.541,2.827,2.647,2.702,2.653,2.53,2.34,2.703,2.65,2.843,3.02,3.022,3.472,3.282,3.549,3.584,3.078,3.5,3.827,4.141,4.2,4.3,4.364,4.564,3.53,3.802,3.671,3.817,3.715,4.05,4.11,3.98,4.01,3.96,4.41,4.01,3.515,3.185,3.295,3.57,3.78,3.77,3.645,3.93,3.54,3.27,3.469,3.205,3.54
Guinea,0.2,0.235,0.215,0.175,0.15,0.169,0.061,0.103,0.076,0.111,0.125,0.095,0.097,0.07,0.11,0.073,0.089,0.066,0.109,0.048,0.112,0.064,0.065,0.05,0.03,0.085,0.09,0.095,0.1,0.125,0.125,0.125,0.1,0.064,0.198,0.104,0.148,0.172,0.421,0.382,0.368,0.236,0.328,0.366,0.316,0.525,0.4,0.25,0.4,0.445,0.325,0.425,0.165,0.05,0.15,0.28,0.2,0.19,0.07,0.145,0.07,0.3,0.1,0.19,0.175,0.19
Guyana,0.005,0.004,0.005,0.005,0.01,0.019,0.019,0.019,0.02,0.018,0.011,0.012,0.012,0.01,0.015,0.015,0.017,0.018,0.019,0.022,0.026,0.026,0.021,0.017,0.015,0.012,0.007,0.004,0.005,0.005,0.005,0.005,0.005,0.005,0.005,0.005,0.005,0.005,0.002,0.002,,0.003,0.003,0.003,0.002,0.0,0.0,0.0,0.0,0.0,0.0,0.0,0.0,0.0,0.0,0.0,0.0,0.0,0.0,0.0,0.0,0.0,0.0,0.0,0.0,0.0
Haiti,0.421,0.746,0.59,0.562,0.588,0.613,0.446,0.534,0.564,0.458,0.564,0.604,0.536,0.58,0.59,0.575,0.486,0.519,0.443,0.669,0.465,0.494,0.674,0.63,0.592,0.505,0.463,0.526,0.479,0.527,0.58,0.55,0.5,0.459,0.358,0.506,0.429,0.435,0.442,0.399,0.42,0.403,0.374,0.35,0.34,0.331,0.337,0.335,0.36,0.275,0.35,0.35,0.325,0.325,0.325,0.0,0.0,0.0,0.0,0.0,0.0,0.0,0.0,0.0,0.0,0.0
Honduras,0.291,0.315,0.405,0.39,0.479,0.461,0.431,0.495,0.514,0.443,0.545,0.586,0.759,0.689,0.983,0.847,0.691,1.036,1.132,1.137,1.265,1.2,1.5,1.31,1.4,1.062,1.535,1.553,1.635,1.928,1.685,2.255,1.981,2.06,2.295,2.254,2.279,2.905,2.494,3.067,2.821,3.098,2.496,2.968,2.575,3.204,3.46,3.642,3.225,3.55,3.975,5.6,4.725,4.4,5.1,5.3,7.51,7.6,7.1,5.2,6.5,4.8,5.7,5.05,5.0,5.8
India,1.225,0.769,1.028,1.241,1.008,1.154,1.384,1.046,1.31,1.148,1.914,1.236,1.626,1.508,1.662,1.498,1.753,2.031,1.842,2.495,1.977,2.54,2.17,1.667,3.25,2.033,3.35,2.05,3.59,2.15,2.97,3.2,2.7,3.465,3.06,3.717,3.417,3.805,4.415,4.87,5.02,5.01,4.588,4.508,4.595,4.57,4.8,4.365,4.375,4.825,5.035,5.23,5.303,5.075,5.44,5.8,5.2,5.266,5.325,4.967,5.567,5.7,5.867,6.56,6.2,6.05
Indonesia,1.33,1.857,1.759,2.253,1.983,2.19,2.447,3.006,2.542,2.626,2.33,2.298,2.236,2.609,2.652,3.049,3.384,3.911,4.788,4.803,5.365,5.785,4.75,5.515,5.6,5.8,5.9,5.965,6.75,7.1,7.48,7.1,7.35,7.4,6.4,5.8,7.9,7.0,6.95,6.66,6.495,6.16,6.8,7.25,8.45,9.45,7.5,8.0,10.0,10.5,9.325,7.97,11.9,11.9,10.47,12.1,10.6,10.4,10.6,10.7,10.7,10.58,10.7,8.15,10.7,12.45
Iran,,,,,,,,,,,,,,,,,,,,,,,,,,,,,,,,,,,,,,,,,,,,,,,,0.0,0.0,0.0,0.0,0.0,0.0,0.0,0.0,0.0,0.0,0.0,0.0,0.0,0.0,0.0,0.0,0.0,0.0,0.0
Jamaica,0.018,0.024,0.021,0.026,0.023,0.022,0.022,0.026,0.017,0.021,0.021,0.024,0.021,0.031,0.024,0.03,0.017,0.023,0.014,0.034,0.02,0.023,0.03,0.025,0.025,0.027,0.028,0.041,0.014,0.019,0.026,0.038,0.029,0.035,0.044,0.043,0.054,0.046,0.029,0.039,0.037,0.031,0.037,0.037,0.021,0.034,0.03,0.035,0.031,0.028,0.023,0.02,0.025,0.031,0.027,0.027,0.016,0.016,0.015,0.016,0.015,0.015,0.018,0.019,0.015,0.02
Japan,,,,,,,,,,,,,,,,,,,,,,,,,,,,,,,,,,,,,,,,,,,0.0,0.0,0.0,0.0,0.0,0.0,0.0,0.0,0.0,0.0,0.0,0.0,0.0,0.0,0.0,0.0,0.0,0.0,0.0,0.0,0.0,0.0,0.0,0.0
Jordan,,,,,,,,,,,,,,,,,,,,,,,,,,,,,,,,,,,,,,,,,,,0.0,0.0,0.0,0.0,0.0,0.0,0.0,0.0,0.0,0.0,0.0,0.0,0.0,0.0,0.0,0.0,0.0,0.0,0.0,0.0,0.0,0.0,0.0,0.0
Kazakhstan,,,,,,,,,,,,,,,,,,,,,,,,,,,,,,,,,,,,,,,,,,,0.0,0.0,0.0,0.0,0.0,0.0,0.0,0.0,0.0,0.0,0.0,0.0,0.0,0.0,0.0,0.0,0.0,0.0,0.0,0.0,0.0,0.0,0.0,0.0
Kenya,0.566,0.525,0.635,0.724,0.73,0.859,0.923,0.652,0.803,0.913,0.999,1.02,1.266,1.222,1.102,1.244,1.687,1.417,1.239,1.531,1.568,1.396,1.522,2.16,1.62,1.945,1.75,2.16,1.96,1.74,1.455,1.505,1.217,1.23,1.584,1.81,1.138,1.028,1.148,1.685,0.864,0.869,0.926,0.847,0.756,0.805,0.876,0.75,0.9,0.9,0.71,0.75,0.66,0.85,0.78,0.75,0.85,0.72,0.85,0.75,0.693,0.86,0.75,0.825,1.0,0.85
"Korea, South",,,,,,,,,,,,,,,,,,,,,,,,,,,,,,,,,,,,,,,,,,,0.0,0.0,0.0,0.0,0.0,0.0,0.0,0.0,0.0,0.0,0.0,0.0,0.0,0.0,0.0,0.0,0.0,0.0,0.0,0.0,0.0,0.0,0.0,0.0
Kosovo,,,,,,,,,,,,,,,,,,,,,,,,,,,,,,,,,,,,,,,,,,,,,,0.0,0.0,0.0,0.0,0.0,0.0,0.0,0.0,0.0,0.0,0.0,0.0,0.0,0.0,0.0,0.0,0.0,0.0,0.0,0.0,0.0
Laos,,,,,,,,,,,,,,,,,,,,,,,,0.01,0.025,0.05,0.075,0.085,0.13,0.09,0.11,0.1,0.12,0.13,0.1,0.15,0.15,0.15,0.283,0.292,0.392,0.43,0.537,0.464,0.385,0.3,0.42,0.355,0.35,0.39,0.5,0.45,0.46,0.475,0.475,0.475,0.41,0.45,0.375,0.44,0.485,0.385,0.41,0.41,0.43,0.43
Liberia,0.015,0.027,0.048,0.072,0.055,0.072,0.074,0.084,0.099,0.082,0.085,0.078,0.086,0.067,0.081,0.086,0.156,0.137,0.144,0.171,0.147,0.165,0.159,0.069,0.209,0.07,0.072,0.06,0.082,0.04,0.03,0.03,0.025,0.005,0.005,0.005,0.005,0.005,0.018,0.012,0.014,0.012,0.063,0.066,0.068,0.071,0.053,0.025,0.007,0.002,0.004,0.005,0.005,0.001,0.003,0.0,0.0,0.0,0.0,0.0,0.0,0.0,0.0,0.0,0.0,0.0
Madagascar,0.933,0.872,1.017,0.833,1.117,0.7,0.892,1.037,1.12,0.824,1.243,1.0,0.949,1.303,1.202,1.223,0.984,1.292,0.814,1.313,1.15,1.305,1.0,1.1,1.1,1.0,1.0,1.125,1.1,1.1,1.1,1.15,1.0,0.442,0.642,0.785,0.849,0.623,0.992,0.427,0.366,0.147,0.445,0.435,0.522,0.592,0.582,0.555,0.53,0.475,0.55,0.55,0.525,0.55,0.5,0.255,0.295,0.25,0.28,0.325,0.325,0.3,0.325,0.3,0.3,0.3
Malawi,0.002,0.001,0.003,0.002,0.003,0.001,0.002,0.003,0.003,0.004,0.003,0.003,0.003,0.003,0.003,0.002,0.002,0.002,0.003,0.005,0.007,0.01,0.016,0.021,0.036,0.056,0.059,0.083,0.072,0.095,0.09,0.09,0.137,0.062,0.084,0.091,0.049,0.061,0.064,0.059,0.063,0.06,0.042,0.048,0.021,0.024,0.017,0.025,0.015,0.02,0.024,0.021,0.025,0.025,0.021,0.023,0.016,0.012,0.011,0.01,0.0,0.0,0.0,0.0,0.0,0.0
Malaysia,0.045,0.043,0.047,0.052,0.052,0.058,0.057,0.06,0.063,0.059,0.066,0.07,0.082,0.098,0.104,0.135,0.125,0.09,0.102,0.098,0.088,0.089,0.09,0.091,0.086,0.083,0.08,0.078,0.075,0.075,0.075,0.075,0.075,0.15,0.153,0.158,0.16,0.195,0.217,0.25,0.7,0.8,0.95,1.0,1.0,0.7,0.5,0.77,0.975,1.0,1.1,1.45,1.4,1.5,2.1,2.2,2.1,2.1,2.1,1.9,2.0,2.0,2.0,1.33,1.4,1.5
Mexico,2.1,2.35,2.202,2.9,2.65,3.0,2.7,2.9,2.865,3.082,3.2,3.4,3.914,3.5,4.03,4.136,3.431,3.301,4.022,3.6,3.862,3.9,4.53,4.53,4.25,4.826,5.297,4.717,5.5,5.1,4.55,4.62,4.18,4.2,4.03,5.4,5.3,4.95,5.01,6.193,4.8,4.2,4.35,4.3,4.0,4.2,4.5,4.35,4.55,4.15,4.0,4.3,4.65,3.95,3.18,2.3,3.3,4.0,3.55,3.7,3.53,3.74,3.545,3.856,3.87,3.903
Montenegro,,,,,,,,,,,,,,,,,,,,,,,,,,,,,,,,,,,,,,,,,,,,,,0.0,0.0,0.0,0.0,0.0,0.0,0.0,0.0,0.0,0.0,0.0,0.0,0.0,0.0,0.0,0.0,0.0,0.0,0.0,0.0,0.0
Morocco,,,,,,,,,,,,,,,,,,,,,,,,,,,,,,,,,,,,,,,,,,,0.0,0.0,0.0,0.0,0.0,0.0,0.0,0.0,0.0,0.0,0.0,0.0,0.0,0.0,0.0,0.0,0.0,0.0,0.0,0.0,0.0,0.0,0.0,0.0
New Caledonia,0.03,0.035,0.035,0.035,0.035,0.035,0.035,0.035,0.03,0.03,0.025,0.02,0.018,0.015,0.012,0.01,0.009,0.005,0.011,0.01,0.01,0.008,0.006,0.004,0.006,0.006,0.006,0.006,0.006,0.005,0.005,0.005,0.005,0.005,0.005,0.005,0.005,0.005,0.001,0.001,,0.0,,0.0,0.0,0.0,0.0,0.0,0.0,0.0,0.0,0.0,0.0,0.0,0.0,0.0,0.0,0.0,0.0,0.0,0.0,0.0,0.0,0.0,0.0,0.0
New Zealand,,,,,,,,,,,,,,,,,,,,,,,,,,,,,,,,,,,,,,,,,,,0.0,0.0,0.0,0.0,0.0,0.0,0.0,0.0,0.0,0.0,0.0,0.0,0.0,0.0,0.0,0.0,0.0,0.0,0.0,0.0,0.0,0.0,0.0,0.0
Nicaragua,0.437,0.432,0.535,0.533,0.61,0.513,0.421,0.556,0.504,0.563,0.641,0.725,0.537,0.683,0.73,0.79,0.852,0.967,1.004,1.019,0.971,1.004,1.186,0.809,0.843,0.581,0.712,0.635,0.714,0.743,0.46,0.782,0.545,0.695,0.685,0.986,0.831,1.083,1.079,1.514,1.61,0.895,1.2,1.547,1.13,1.718,1.3,1.85,1.65,1.925,1.74,2.1,1.925,2.0,2.125,2.125,2.625,2.73,2.95,2.755,2.65,2.838,2.59,2.347,2.56,2.58
Nigeria,0.018,0.02,0.036,0.095,0.045,0.074,0.044,0.052,0.075,0.06,0.083,0.058,0.045,0.041,0.042,0.067,0.053,0.043,0.06,0.04,0.052,0.052,0.045,0.042,0.048,0.06,0.08,0.095,0.09,0.095,0.09,0.09,0.04,0.045,0.052,0.053,0.046,0.045,0.053,0.046,0.048,0.044,0.05,0.036,0.035,0.059,0.051,0.035,0.03,0.03,0.03,0.04,0.03,0.02,0.02,0.02,0.01,0.005,0.0,0.0,0.0,0.0,0.0,0.0,0.0,0.0
North Macedonia,,,,,,,,,,,,,,,,,,,,,,,,,,,,,,,,,,,,,,,,,,,,,,0.0,0.0,0.0,0.0,0.0,0.0,0.0,0.0,0.0,0.0,0.0,0.0,0.0,0.0,0.0,0.0,0.0,0.0,0.0,0.0,0.0
Norway,,,,,,,,,,,,,,,,,,,,,,,,,,,,,,,,,,,,,,,,,,,0.0,0.0,0.0,0.0,0.0,0.0,0.0,0.0,0.0,0.0,0.0,0.0,0.0,0.0,0.0,0.0,0.0,0.0,0.0,0.0,0.0,0.0,0.0,0.0
Panama,0.067,0.084,0.073,0.076,0.072,0.072,0.084,0.086,0.075,0.086,0.074,0.089,0.083,0.072,0.075,0.066,0.078,0.105,0.104,0.105,0.142,0.119,0.138,0.15,0.237,0.207,0.195,0.171,0.163,0.182,0.182,0.192,0.172,0.202,0.19,0.209,0.211,0.218,0.192,0.167,0.17,0.16,0.14,0.172,0.09,0.15,0.15,0.15,0.1,0.1,0.125,0.1,0.1,0.095,0.12,0.085,0.095,0.075,0.075,0.075,0.075,0.075,0.085,0.075,0.1,0.08
Papua New Guinea,0.033,0.054,0.077,0.107,0.141,0.175,0.209,0.21,0.296,0.424,0.401,0.448,0.619,0.608,0.543,0.588,0.802,0.655,0.818,0.776,0.88,0.917,0.648,0.925,0.775,0.86,0.756,1.1,1.175,1.092,0.964,0.841,1.03,1.019,1.139,1.002,1.089,1.076,1.351,1.387,1.041,1.063,1.085,0.813,1.0,1.265,0.81,0.97,1.035,1.085,0.865,1.4,0.825,0.855,0.81,0.75,1.115,0.81,0.965,0.825,0.7,0.775,0.875,0.98,0.84,0.95
Paraguay,0.04,0.044,0.103,0.119,0.099,0.106,0.065,0.061,0.067,0.049,0.027,0.062,0.115,0.026,0.126,0.135,0.035,0.066,0.138,0.031,0.13,0.1,0.1,0.1,0.1,0.1,0.1,0.1,0.1,0.1,0.1,0.04,0.06,0.07,0.05,0.045,0.04,0.034,0.066,0.02,0.046,0.02,0.026,0.052,0.026,0.035,0.02,0.0,0.0,0.0,0.0,0.0,0.0,0.0,0.0,0.0,0.0,0.0,0.0,0.0,0.0,0.0,0.0,0.0,0.0,0.0
Peru,0.598,0.67,0.827,0.8,0.872,0.826,0.789,0.952,0.94,0.951,1.114,0.947,1.087,0.949,0.875,0.881,0.947,1.05,1.13,1.265,1.17,1.1,1.1,1.27,1.15,1.25,1.2,1.02,1.4,1.4,1.17,1.15,1.19,1.022,1.453,1.811,1.583,1.82,1.98,2.571,2.824,2.55,2.76,2.87,3.55,2.42,4.4,2.8,4.0,3.3,4.1,5.2,4.3,4.25,2.9,3.5,4.225,4.375,4.39,3.925,3.369,4.2,3.475,3.912,3.7,4.2
Philippines,0.452,0.509,0.49,0.485,0.5,0.503,0.521,0.516,0.519,0.544,0.535,0.521,0.484,0.46,0.467,0.483,0.557,0.563,0.678,0.811,0.944,1.067,1.225,0.973,1.111,1.138,1.125,1.045,1.35,1.149,0.97,0.95,0.9,0.875,0.878,0.876,0.98,0.7,0.684,0.74,0.745,0.735,0.726,0.69,0.7,0.71,0.705,0.46,0.36,0.245,0.46,0.455,0.455,0.45,0.475,0.425,0.475,0.45,0.425,0.45,0.425,0.45,0.475,0.45,0.45,0.45
Russia,,,,,,,,,,,,,,,,,,,,,,,,,,,,,,,,,,,,,,,,,,,0.0,0.0,0.0,0.0,0.0,0.0,0.0,0.0,0.0,0.0,0.0,0.0,0.0,0.0,0.0,0.0,0.0,0.0,0.0,0.0,0.0,0.0,0.0,0.0
Rwanda,0.187,0.161,0.192,0.083,0.177,0.167,0.146,0.197,0.192,0.208,0.246,0.257,0.184,0.435,0.497,0.434,0.531,0.362,0.311,0.501,0.506,0.502,0.377,0.536,0.542,0.717,0.643,0.705,0.679,0.561,0.619,0.55,0.65,0.443,0.022,0.33,0.293,0.194,0.222,0.308,0.273,0.296,0.32,0.266,0.317,0.34,0.4,0.23,0.34,0.24,0.317,0.245,0.26,0.25,0.24,0.3,0.23,0.275,0.275,0.35,0.3,0.27,0.275,0.36,0.3,0.35
Saudi Arabia,,,,,,,,,,,,,,,,,,,,,,,,,,,,,,,,,,,,,,,,,,,0.0,0.0,0.0,0.0,0.0,0.0,0.0,0.0,0.0,0.0,0.0,0.0,0.0,0.0,0.0,0.0,0.0,0.0,0.0,0.0,0.0,0.0,0.0,0.0
Senegal,,,,,,,,,,,,,,,,,,,,,,,,,,,,,,,,,,,,,,,,,,,,,,,,,,,,,,,0.0,0.0,0.0,0.0,0.0,0.0,0.0,0.0,0.0,0.0,0.0,0.0
Serbia,,,,,,,,,,,,,,,,,,,,,,,,,,,,,,,,,,,,,,,,,,,0.0,0.0,0.0,0.0,0.0,0.0,0.0,0.0,0.0,0.0,0.0,0.0,0.0,0.0,0.0,0.0,0.0,0.0,0.0,0.0,0.0,0.0,0.0,0.0
Sierra Leone,0.089,0.087,0.088,0.104,0.069,0.173,0.052,0.073,0.138,0.109,0.163,0.129,0.195,0.057,0.111,0.064,0.168,0.077,0.23,0.172,0.147,0.176,0.233,0.042,0.129,0.107,0.095,0.11,0.092,0.1,0.1,0.09,0.09,0.037,0.073,0.044,0.041,0.05,0.027,0.059,0.053,0.079,0.042,0.034,0.015,0.06,0.031,0.042,0.087,0.09,0.045,0.09,0.07,0.045,0.065,0.06,0.06,0.065,0.05,0.065,0.075,0.033,0.055,0.035,0.058,0.06
Singapore,,,,,,,,,,,,,,,,,,,,,,,,,,,,,,,,,,,,,,,,,,,0.0,0.0,0.0,0.0,0.0,0.0,0.0,0.0,0.0,0.0,0.0,0.0,0.0,0.0,0.0,0.0,0.0,0.0,0.0,0.0,0.0,0.0,0.0,0.0
South Africa,,,,,,,,,,,,,,,,,,,,,,,,,,,,,,,,,,,,,,,,,,,0.0,0.0,0.0,0.0,0.0,0.0,0.0,0.0,0.0,0.0,0.0,0.0,0.0,0.0,0.0,0.0,0.0,0.0,0.0,0.0,0.0,0.0,0.0,0.0
Sri Lanka,0.006,0.008,0.008,0.01,0.01,0.01,0.01,0.01,0.01,0.01,0.011,0.011,0.011,0.018,0.032,0.043,0.04,0.046,0.055,0.047,0.05,0.054,0.064,0.058,0.085,0.078,0.025,0.07,0.075,0.07,0.075,0.075,0.05,0.054,0.042,0.036,0.037,0.058,0.046,0.041,0.043,0.032,0.034,0.037,0.032,0.034,0.032,0.035,0.035,0.0,0.0,0.0,0.0,0.0,0.0,0.0,0.0,0.0,0.0,0.0,0.0,0.0,0.0,0.0,0.0,0.0
Switzerland,,,,,,,,,,,,,,,,,,,,,,,,,,,,,,,,,,,,,,,,,,,0.0,0.0,0.0,0.0,0.0,0.0,0.0,0.0,0.0,0.0,0.0,0.0,0.0,0.0,0.0,0.0,0.0,0.0,0.0,0.0,0.0,0.0,0.0,0.0
Taiwan,,,,,,,,,,,,,,,,,,,,,,,,,,,,,,,,,,,,,,,,,,,0.0,0.0,0.0,0.0,0.0,0.0,0.0,0.0,0.0,0.0,0.0,0.0,0.0,0.0,0.0,0.0,0.0,0.0,0.0,0.0,0.0,0.0,0.0,0.0
Tanzania,0.462,0.3,0.448,0.509,0.528,0.76,0.844,0.627,0.951,0.599,0.909,0.908,1.123,0.496,0.935,0.959,0.805,0.835,0.856,0.761,1.06,0.959,1.033,0.843,0.796,0.867,0.701,0.818,0.962,0.888,0.763,0.79,0.992,0.736,0.68,0.897,0.765,0.624,0.739,0.842,0.809,0.624,0.824,0.612,1.07,0.61,0.915,0.74,1.15,0.6,1.05,0.565,1.18,0.8,1.15,1.1,1.05,1.15,1.2,1.2,1.125,1.2,1.2,1.35,1.35,1.45
Thailand,0.001,0.001,0.001,0.001,0.002,0.002,0.002,0.003,0.004,0.01,0.019,0.028,0.037,0.067,0.082,0.102,0.105,0.124,0.125,0.152,0.201,0.277,0.324,0.364,0.47,0.527,0.427,0.592,1.025,0.8,0.785,1.0,1.175,1.275,1.399,1.317,1.403,1.293,0.916,1.273,1.692,0.715,0.732,0.827,0.884,1.0,0.85,0.9,0.8,0.9,1.0,1.0,1.0,1.0,1.0,0.7,0.8,0.7,0.65,0.7,0.6,0.65,0.7,0.75,0.9,0.9
Togo,0.167,0.196,0.119,0.28,0.144,0.249,0.058,0.173,0.277,0.232,0.213,0.103,0.19,0.238,0.115,0.151,0.177,0.082,0.105,0.182,0.165,0.225,0.284,0.275,0.215,0.275,0.26,0.29,0.3,0.215,0.161,0.432,0.086,0.195,0.176,0.085,0.29,0.222,0.321,0.263,0.197,0.112,0.068,0.144,0.166,0.14,0.18,0.255,0.185,0.436,0.615,0.56,0.2,0.165,0.175,0.12,0.08,0.13,0.095,0.1,0.085,0.08,0.11,0.075,0.09,0.085
Trinidad and Tobago,0.038,0.028,0.059,0.062,0.056,0.041,0.045,0.073,0.044,0.034,0.057,0.054,0.046,0.031,0.065,0.042,0.06,0.041,0.039,0.037,0.046,0.044,0.023,0.03,0.03,0.035,0.031,0.01,0.02,0.015,0.015,0.015,0.015,0.016,0.018,0.018,0.018,0.02,0.017,0.016,0.014,0.016,0.016,0.016,0.015,0.015,0.012,0.002,0.002,0.0,0.0,0.0,0.0,0.0,0.0,0.0,0.0,0.0,0.0,0.0,0.0,0.0,0.0,0.0,0.0,0.0
Turkey,,,,,,,,,,,,,,,,,,,,,,,,,,,,,,,,,,,,,,,,,,,0.0,0.0,0.0,0.0,0.0,0.0,0.0,0.0,0.0,0.0,0.0,0.0,0.0,0.0,0.0,0.0,0.0,0.0,0.0,0.0,0.0,0.0,0.0,0.0
Uganda,1.925,2.023,2.951,2.534,2.453,2.578,2.737,2.278,4.118,3.279,2.667,2.883,4.18,3.266,3.331,2.214,2.66,1.928,1.944,2.042,2.133,2.885,3.0,2.7,2.8,2.7,2.7,2.6,3.3,2.5,2.7,2.9,2.8,2.7,3.1,4.2,4.297,3.032,3.64,3.708,3.097,3.265,2.756,2.745,2.694,2.175,2.905,3.49,3.26,2.87,3.212,3.075,3.6,3.85,3.5,3.55,4.875,4.6,4.65,5.475,6.63,6.05,6.565,6.4,6.7,6.875
Ukraine,,,,,,,,,,,,,,,,,,,,,,,,,,,,,,,,,,,,,,,,,,,0.0,0.0,0.0,0.0,0.0,0.0,0.0,0.0,0.0,0.0,0.0,0.0,0.0,0.0,0.0,0.0,0.0,0.0,0.0,0.0,0.0,0.0,0.0,0.0
United Kingdom,,,,,,,,,,,,,,,,,,,,,,,,,,,,,,,,,,,,,,,,,,,,,,,,,,,,,,,,,0.0,0.0,0.0,0.0,0.0,0.0,0.0,0.0,0.0,0.0
United States,0.277,0.316,0.38,0.278,0.344,0.272,0.264,0.279,0.231,0.176,0.283,0.199,0.226,0.246,0.184,0.202,0.158,0.213,0.169,0.211,0.236,0.229,0.267,0.221,0.245,0.2,0.284,0.23,0.257,0.239,0.229,0.229,0.225,0.228,0.237,0.236,0.27,0.232,0.163,0.185,0.183,0.163,0.163,0.186,0.14,0.161,0.152,0.136,0.125,0.053,0.053,0.046,0.042,0.051,0.045,0.04,0.033,0.032,0.054,0.039,0.033,0.038,0.04,0.05,0.05,0.05
Uruguay,,,,,,,,,,,,,,,,,,,,,,,,,,,,,,,,,,,,,,,,,,,,,,,,,,,0.0,0.0,0.0,0.0,0.0,0.0,0.0,0.0,0.0,0.0,0.0,0.0,0.0,0.0,0.0,0.0
Venezuela,0.902,0.714,0.874,0.872,0.786,0.907,0.898,0.687,0.898,0.973,0.936,0.965,0.846,1.083,1.06,0.923,0.656,1.061,1.011,1.031,1.109,1.107,0.791,1.025,1.213,0.96,1.169,1.331,1.127,1.075,0.843,1.35,0.75,0.92,0.92,1.067,0.843,1.38,1.25,0.88,1.027,1.065,0.92,0.825,0.8,0.82,0.862,0.996,1.0,0.725,0.625,0.7,0.73,0.7,0.46,0.5,0.53,0.575,0.585,0.55,0.48,0.5,0.5,0.5,0.5,0.5
Vietnam,0.076,0.066,0.066,0.06,0.066,0.076,0.086,0.066,0.066,0.066,0.056,0.051,0.056,0.056,0.06,0.054,0.093,0.091,0.084,0.14,0.077,0.077,0.083,0.069,0.206,0.314,0.454,0.579,0.922,0.985,1.2,1.98,2.25,2.5,3.5,3.917,5.75,7.0,7.5,11.01,15.333,12.833,11.167,15.0,14.5,16.335,19.5,18.0,16.98,18.5,19.415,26.0,26.5,29.833,27.4,28.93,26.7,29.3,30.4,31.3,29.0,31.58,28.3,27.55,29.0,30.8
Yemen,,,,,,,,,,,,,,,,,,,,,,,,,,,,,,,,0.065,0.065,0.065,0.05,0.07,0.07,0.075,0.188,0.186,0.189,0.198,0.192,0.193,0.171,0.189,0.2,0.15,0.15,0.15,0.145,0.135,0.14,0.135,0.13,0.0,0.0,0.0,0.0,0.0,0.0,0.0,0.0,0.0,0.0,0.0
Yemen (Sanaa),0.09,0.09,0.082,0.08,0.09,0.075,0.06,0.06,0.07,0.06,0.06,0.055,0.055,0.045,0.045,0.045,0.045,0.048,0.05,0.053,0.06,0.058,0.057,0.05,0.053,0.065,0.055,0.06,0.065,0.065,0.065,,,,,,,,,,,,,,,,,,,,,,,,,,,,,,,,,,,
Zambia,0.0,0.0,0.0,0.0,0.0,0.0,0.001,0.001,0.001,0.001,0.001,0.001,0.001,0.001,0.001,0.002,0.002,0.002,0.002,0.001,0.002,0.002,0.003,0.007,0.006,0.01,0.013,0.011,0.01,0.015,0.015,0.015,0.028,0.027,0.022,0.027,0.033,0.04,0.062,0.059,0.094,0.1,0.119,0.1,0.11,0.103,0.056,0.06,0.039,0.027,0.0,0.0,0.0,0.0,0.0,0.0,0.0,0.0,0.0,0.0,0.0,0.0,0.0,0.0,0.0,0.0
Zimbabwe,0.0,0.0,0.0,0.001,0.001,0.001,0.002,0.002,0.007,0.011,0.015,0.021,0.027,0.033,0.049,0.077,0.077,0.071,0.077,0.068,0.094,0.082,0.117,0.147,0.18,0.188,0.2,0.25,0.175,0.225,0.208,0.201,0.078,0.012,0.106,0.131,0.174,0.13,0.149,0.125,0.109,0.121,0.11,0.092,0.12,0.066,0.045,0.031,0.022,0.0,0.0,0.0,0.0,0.0,0.0,0.0,0.0,0.0,0.0,0.0,0.0,0.0,0.0,0.0,0.0,0.0
World,65.341,75.87800000000001,67.78099999999999,65.295,52.61200000000001,82.10799999999999,63.29800000000001,70.68799999999999,63.214000000000006,69.623,59.202,73.59800000000001,77.06000000000002,65.717,82.65100000000002,72.97,61.162000000000006,70.72399999999999,79.01799999999999,81.90599999999999,86.17399999999998,98.023,81.90400000000001,88.80100000000002,90.362,95.74999999999999,79.394,103.17,94.16499999999998,96.95799999999998,100.18100000000001,104.06399999999998,92.959,92.406,97.042,88.946,103.786,97.68700000000001,108.953,114.164,117.21699999999998,111.62499999999997,127.29199999999999,111.282,121.94600000000001,117.883,134.04999999999998,124.388,136.75099999999998,129.77399999999997,141.40900000000002,144.837,158.01799999999997,160.05399999999997,153.796,152.429,161.07899999999998,159.814,175.856,169.03000000000003,176.549,165.04399999999998,164.389,169.345,175.316,178.848
EU-27 + UK,,,,,,,,,,,,,,,,,,,,,,,,,,,,,,,,,,,,,,,,,,,0.0,0.0,0.0,0.0,0.0,0.0,0.0,0.0,0.0,0.0,0.0,0.0,0.0,0.0,0.0,0.0,0.0,0.0,0.0,0.0,0.0,0.0,0.0,0.0
