sheet,date,agropecuaria_mill_L,total_mill_L
Pres sobre saldos,2017-01-01,16675.300000000003,243345.80000000002
Pres sobre saldos,2017-02-01,16540.400000000001,243715.6
Pres sobre saldos,2017-03-01,16483.5,245121.8
Pres sobre saldos,2017-04-01,16439.699999999997,245640.39999999997
Pres sobre saldos,2017-05-01,16603.800000000003,248058.80000000002
Pres sobre saldos,2017-06-01,18448.199999999997,250185.29999999993
Pres sobre saldos,2017-07-01,18326.099999999999,251153.80000000002
Pres sobre saldos,2017-08-01,18322.7,253123.6
Pres sobre saldos,2017-09-01,18945.399999999998,255602.2
Pres sobre saldos,2017-10-01,18805.599999999999,257748.80000000005
Pres sobre saldos,2017-11-01,20084.3,262489.3
Pres sobre saldos,2017-12-01,20610.3,264246
Pres sobre saldos,2018-01-01,20062,267625.10000000003
Pres sobre saldos,2018-02-01,20405.5,268644.39999999997
Pres sobre saldos,2018-03-01,20374.7,270938
Pres sobre saldos,2018-04-01,20487.599999999999,273639.69999999995
Pres sobre saldos,2018-05-01,20855.400000000001,277889.40000000002
Pres sobre saldos,2018-06-01,21268.3,279855.09999999998
Pres sobre saldos,2018-07-01,22122.2,282558.60000000003
Pres sobre saldos,2018-08-01,22564.6,287524.80000000005
Pres sobre saldos,2018-09-01,23040.800000000003,290079.40000000002
Pres sobre saldos,2018-10-01,23209.9,293316.10000000003
Pres sobre saldos,2018-11-01,23506.1,298897.89999999997
Pres sobre saldos,2018-12-01,24314.800000000003,303555.09999999998
Pres sobre saldos,2019-01-01,24914.400000000001,305772.59999999998
Pres sobre saldos,2019-02-01,25658.100000000002,308545.8
Pres sobre saldos,2019-03-01,26050.399999999994,310384.7
Pres sobre saldos,2019-04-01,25972.9,311345.89999999997
Pres sobre saldos,2019-05-01,25069,313724.90000000002
Pres sobre saldos,2019-06-01,24609,314656.89999999997
Pres sobre saldos,2019-07-01,25395.4,315534.8
Pres sobre saldos,2019-08-01,25323.9,316984.09999999998
Pres sobre saldos,2019-09-01,25231.4,318551.09999999998
Pres sobre saldos,2019-10-01,25681,320320.59999999998
Pres sobre saldos,2019-11-01,25423.200000000001,323916
Pres sobre saldos,2019-12-01,25923.5,329322.40000000008
Pres sobre saldos,2020-01-01,26301.899999999998,330737.69999999995
Pres sobre saldos,2020-02-01,25879.800000000003,332453.20000000007
Pres sobre saldos,2020-03-01,25941.9,334095.10000000003
Pres sobre saldos,2020-04-01,26137.4,335437.40000000002
Pres sobre saldos,2020-05-01,25687.699999999997,335866.19999999995
Pres sobre saldos,2020-06-01,25079.4,335629.8
Pres sobre saldos,2020-07-01,23417.5,333160.2
Pres sobre saldos,2020-08-01,24097.699999999997,331493.7
Pres sobre saldos,2020-09-01,24350,331410.79999999993
Pres sobre saldos,2020-10-01,24617,332899.20000000001
Pres sobre saldos,2020-11-01,24175.5,333892.8
Pres sobre saldos,2020-12-01,23787.4,336756
Pres sobre saldos,2021-01-01,23665.399999999998,337336.8
Pres sobre saldos,2021-02-01,23733.699999999997,340331.89999999997
Pres sobre saldos,2021-03-01,23370.7,343302.39999999997
Pres sobre saldos,2021-04-01,22774.6,343214.49999999994
Pres sobre saldos,2021-05-01,23672,345814.80000000005
Pres sobre saldos,2021-06-01,23973.5,347067.6
Pres sobre saldos,2021-07-01,23875.9,347876.4
Pres sobre saldos,2021-08-01,24069.699999999997,351426.5
Pres sobre saldos,2021-09-01,24333.7,357454.19999999995
Pres sobre saldos,2021-10-01,24441.200000000001,363963.8
Pres sobre saldos,2021-11-01,25168,373718.3
Pres sobre saldos,2021-12-01,25569.699999999997,380303
Pres sobre saldos,2022-01-01,26342.400000000001,389985
Pres sobre saldos,2022-02-01,26815.799999999996,395722.70000000007
Pres sobre saldos,2022-03-01,26506.199999999997,399150.69999999995
Pres sobre saldos,2022-04-01,26508.800000000003,403454.7
Pres sobre saldos,2022-05-01,26357.1,409174.4
Pres sobre saldos,2022-06-01,26097.4,411898.1
Pres sobre saldos,2022-07-01,26277.199999999997,416933
Pres sobre saldos,2022-08-01,26043.399999999998,423037.29999999993
Pres sobre saldos,2022-09-01,26176,429056.00000000006
Pres sobre saldos,2022-10-01,26551.5,435502.8
Pres sobre saldos,2022-11-01,26596.500000000004,446548.3
Pres sobre saldos,2022-12-01,27310.5,456129.4
Pres sobre saldos,2023-01-01,27616.416801529995,463212.75048948062
Pres sobre saldos,2023-02-01,28568.415474879999,472606.92926060053
Pres sobre saldos,2023-03-01,29055.256502969998,479573.76154640492
Pres sobre saldos,2023-04-01,28780.866265110002,483054.04240628937
Pres sobre saldos,2023-05-01,28299.381021640002,489604.13695437665
Pres sobre saldos,2023-06-01,28533.032323110001,494500.23311818653
Pres sobre saldos,2023-07-01,27443.530257529994,499279.06006665592
Pres sobre saldos,2023-08-01,27673.280274039997,506679.99241030432
Pres sobre saldos,2023-09-01,27342.380298660002,514469.53159071627
Pres sobre saldos,2023-10-01,27551.337321539999,521290.85753503814
Pres sobre saldos,2023-11-01,27661.9515956,530237.23622018145
Pres sobre saldos,2023-12-01,27976.065749959998,542408.17346388777
Pres sobre saldos,2024-01-01,28899.463161790001,549789.10316095175
Pres sobre saldos,2024-02-01,28874.655332940005,556442.64480309689
Pres sobre saldos,2024-03-01,28977.755318549996,561975.17588350107
Pres sobre saldos,2024-04-01,28814.907032430005,567112.00855375489
Pres sobre saldos,2024-05-01,28855.19369498,571046.16564099607
Pres sobre saldos,2024-06-01,28853.484093189996,574580.36889884761
Pres sobre saldos,2024-07-01,29915.222844420001,579940.54918267147
Pres sobre saldos,2024-08-01,29709.923744580003,585019.56118711911
Pres sobre saldos,2024-09-01,29682.741822019998,589396.2123805111
Pres sobre saldos,2024-10-01,30813.654749829999,594852.88147598109
Pres sobre saldos,2024-11-01,30537.568865949994,601053.71196974197
Pres sobre saldos,2024-12-01,30700.613323690002,608604.94304626586
Pres sobre saldos,2025-01-01,29469.696172760003,616158.96141945699
Pres sobre saldos,2025-02-01,30197.71891327,623326.06556293264
Pres sobre saldos,2025-03-01,30485.39616661,624873.83108414698
Pres sobre saldos,2025-04-01,29901.303722340002,627846.12949983135
Pres sobre saldos,2025-05-01,29778.868106049998,627858.23909354093
Pres sobre saldos,2025-06-01,29751.536988059997,625010.52006671566
Pres sobre saldos,2025-07-01,29482.952499530002,622258.06769709068
Pres sobre saldos,2025-08-01,29480.902698000002,620767.79663088522
Pres sobre saldos,2025-09-01,29614.070167719998,623333.89155836438
Pres sobre saldos,2025-10-01,29856.201140800003,625519.40239514143
Pres sobre saldos,2025-11-01,30428.934860170004,632843.65428523323
Pres sobre saldos,2025-12-01,31109.749884659999,642953.32718419016
Pres sobre saldos,2026-01-01,33477.618622800001,652184.86036534223
Pres sobre saldos,2026-02-01,35129.44654605,654737.23736122425
Pres sobre saldos,2026-03-01,34235.61709457,659532.07269108423
Pres sobre saldos,2026-04-01,33250.224414609998,665548.36407722253
Pres sobre saldos,2026-05-01,32916.269704880004,668979.84474477044
Pres sobre saldos,2026-06-01,32967.902425990003,670872.9711238296
Pres sobre saldos,2026-07-01,32548.219908250001,677619.07312350324
Pres Nuevos,2017-01-01,1326.8000000000002,17991.900000000001
Pres Nuevos,2017-02-01,1859.6000000000001,33828.5
Pres Nuevos,2017-03-01,2709.3999999999996,52117.1
Pres Nuevos,2017-04-01,3727.6,68250.8
Pres Nuevos,2017-05-01,4787.7999999999993,86749.9
Pres Nuevos,2017-06-01,5622,107469.79999999999
Pres Nuevos,2017-07-01,6157.5999999999995,126251.59999999999
Pres Nuevos,2017-08-01,6945.9,145895.9
Pres Nuevos,2017-09-01,8117.4,168118.9
Pres Nuevos,2017-10-01,8640.7000000000007,185998.49999999997
Pres Nuevos,2017-11-01,9485.5999999999985,209069.1
Pres Nuevos,2017-12-01,10924.8,233534.2
Pres Nuevos,2018-01-01,1063.3000000000002,20114.7
Pres Nuevos,2018-02-01,2364.4,40256.600000000006
Pres Nuevos,2018-03-01,3380.3,59989.299999999996
Pres Nuevos,2018-04-01,4400.3,80868.7
Pres Nuevos,2018-05-01,5713.3,103307.70000000001
Pres Nuevos,2018-06-01,7280.5999999999995,125645.2
Pres Nuevos,2018-07-01,8964.7999999999993,146537
Pres Nuevos,2018-08-01,10512,169647.69999999998
Pres Nuevos,2018-09-01,11300.400000000001,191025.80000000002
Pres Nuevos,2018-10-01,12543.2,212316.30000000002
Pres Nuevos,2018-11-01,14533.400000000001,237551.6
Pres Nuevos,2018-12-01,16237,264216.90000000002
Pres Nuevos,2019-01-01,1485.5,26174.799999999999
Pres Nuevos,2019-02-01,3355,48599.700000000004
Pres Nuevos,2019-03-01,4666.1999999999989,68736.899999999994
Pres Nuevos,2019-04-01,6824.5,89932.200000000012
Pres Nuevos,2019-05-01,7992,111791.1
Pres Nuevos,2019-06-01,8688.9,133351.70000000001
Pres Nuevos,2019-07-01,9873.6,152873.70000000001
Pres Nuevos,2019-08-01,10742.9,173510.10000000003
Pres Nuevos,2019-09-01,11710.8,194957.2
Pres Nuevos,2019-10-01,12686.8,216581.9
Pres Nuevos,2019-11-01,13720.599999999999,238419.10000000003
Pres Nuevos,2019-12-01,15389.3,267927.59999999998
Pres Nuevos,2020-01-01,975.8,20190.699999999997
Pres Nuevos,2020-02-01,1733.6999999999998,43836.400000000009
Pres Nuevos,2020-03-01,2943.7,60908.6
Pres Nuevos,2020-04-01,3864.3999999999996,74660.999999999985
Pres Nuevos,2020-05-01,4977,90279.9
Pres Nuevos,2020-06-01,5798.1,113712.5
Pres Nuevos,2020-07-01,6949,143513.9
Pres Nuevos,2020-08-01,8273.5,167522.9
Pres Nuevos,2020-09-01,9268.9,191920.2
Pres Nuevos,2020-10-01,12577.7,224664.3
Pres Nuevos,2020-11-01,13379.5,246903.19999999998
Pres Nuevos,2020-12-01,14129.4,279992.79999999993
Pres Nuevos,2021-01-01,1842.4999999999998,20810
Pres Nuevos,2021-02-01,2804.5999999999995,44054.8
Pres Nuevos,2021-03-01,3852.3,76255.7
Pres Nuevos,2021-04-01,4619.5,95695.299999999988
Pres Nuevos,2021-05-01,5600,119299.5
Pres Nuevos,2021-06-01,6869.9000000000015,144150.59999999998
Pres Nuevos,2021-07-01,8135.6,164974.1
Pres Nuevos,2021-08-01,9439.5,195362.40000000002
Pres Nuevos,2021-09-01,10468.199999999999,219634.5
Pres Nuevos,2021-10-01,11440.3,244142.1
Pres Nuevos,2021-11-01,12933,274754.70000000007
Pres Nuevos,2021-12-01,14373.699999999999,304375.09999999998
Pres Nuevos,2022-01-01,1249.0999999999999,29699.200000000001
Pres Nuevos,2022-02-01,2611.8000000000002,59654.6
Pres Nuevos,2022-03-01,3682.7000000000007,87491.400000000009
Pres Nuevos,2022-04-01,4642.2000000000007,111811.4
Pres Nuevos,2022-05-01,5902.6,142396.5
Pres Nuevos,2022-06-01,7735.1000000000013,174795.2
Pres Nuevos,2022-07-01,8854.6,207793
Pres Nuevos,2022-08-01,9904.3000000000029,241183.90000000002
Pres Nuevos,2022-09-01,10764.8,272568.2
Pres Nuevos,2022-10-01,11840.3,298396.5
Pres Nuevos,2022-11-01,13053.9,335589.19999999995
Pres Nuevos,2022-12-01,15012.9,377409.80000000005
Pres Nuevos,2023-01-01,1121.5999999999999,34022.200000000004
Pres Nuevos,2023-02-01,3503.5,70075.599999999991
Pres Nuevos,2023-03-01,5211.1000000000004,106100.90000000001
Pres Nuevos,2023-04-01,5962.0999999999995,138450.19999999998
Pres Nuevos,2023-05-01,7253.6,176890.30000000002
Pres Nuevos,2023-06-01,8969.7000000000007,217338.6
Pres Nuevos,2023-07-01,10072.400000000001,252395.09999999998
Pres Nuevos,2023-08-01,11386.5,285071.59999999998
Pres Nuevos,2023-09-01,12141.2,319631.89999999997
Pres Nuevos,2023-10-01,13187.899999999998,352041.89999999997
Pres Nuevos,2023-11-01,14126,388419
Pres Nuevos,2023-12-01,15346.5,431605.79999999993
Pres Nuevos,2024-01-01,1831.17684616,41129.979124149999
Pres Nuevos,2024-02-01,2850.4979679600001,79661.313166150008
Pres Nuevos,2024-03-01,3891.4150923500001,117554.71747675001
Pres Nuevos,2024-04-01,4831.8530960399994,160843.80444421998
Pres Nuevos,2024-05-01,6212.0801482699999,204733.99021764001
Pres Nuevos,2024-06-01,7585.8997707300005,245216.85340101001
Pres Nuevos,2024-07-01,10516.52959993,294669.10229244002
Pres Nuevos,2024-08-01,11558.90576489,335123.29377374996
Pres Nuevos,2024-09-01,12470.224996829998,375371.34863076999
Pres Nuevos,2024-10-01,14145.1373712,414157.36309619999
Pres Nuevos,2024-11-01,15198.87770798,454258.35053253995
Pres Nuevos,2024-12-01,17038.595666469999,500421.61613658001
Pres Nuevos,2025-01-01,1028.5450089500002,44619.00392463
Pres Nuevos,2025-02-01,2951.1561049499996,89109.968445890001
Pres Nuevos,2025-03-01,5007.7945815800003,130114.85018719999
Pres Nuevos,2025-04-01,6281.9276443300005,171099.46468631004
Pres Nuevos,2025-05-01,7797.4612458299998,216063.90858649998
Pres Nuevos,2025-06-01,9195.2606626899997,260115.79328739003
Pres Nuevos,2025-07-01,10483.970943419999,301724.09384430997
Pres Nuevos,2025-08-01,11783.558601209999,343781.92039130005
Pres Nuevos,2025-09-01,13391.931816960001,391936.05631177995
Pres Nuevos,2025-10-01,14749.70874577,435591.24978158
Pres Nuevos,2025-11-01,16591.555913420001,479613.51923858008
Pres Nuevos,2025-12-01,19080.13470844,536839.41510181001
Pres Nuevos,2026-01-01,3742.9210370400001,51585.108908160008
Pres Nuevos,2026-02-01,8013.8891826700001,97032.7223065
Pres Nuevos,2026-03-01,10645.941214500002,151789.49550071999
Pres Nuevos,2026-04-01,13172.288141140001,205111.28095647
Pres Nuevos,2026-05-01,14983.900982499999,253483.74951677999
Pres Nuevos,2026-06-01,17495.765248250002,313511.47592401004
Pres Nuevos,2026-07-01,19250.337870039999,362425.96841423999
